FID,OBJECTID,STATEFP10,COUNTYFP10,TRACTCE10,BLKGRPCE10,GEOID10,NAMELSAD10,MTFCC10,FUNCSTAT10,ALAND10,AWATER10,INTPTLAT10,INTPTLON10,JoinFieldP,Id,Id2,Geography,Shape_Leng,Shape_Area,Shape_Le_1,Shape_Ar_1,Shape_Le_2,Shape_Ar_2,Median_Inc,Population,Total_HHs,Total_Fami,Fam_Avg_Si,Fam_Marrie,Fam_Single,Fam_Sing_1,Total_NonF,NonFam_Avg,Fam_Sing_2,Fam_Sing_3,POV_Famili,POV_HH,POV_Marrie,POV_Single,POV_Sing_1,POV_Sing_2,POV_Sing_3,Pov_Sing_4,POV_Fami_1,POV_Fami_2,POV_HH_Abo,Emp_Popula,Emp_Labor_,Emp_Not_La,Emp_Employ,Emp_Unempl,Emp_Unem_1,Ed_Populat,Ed_Pop_Mal,Ed_Male_Co,Ed_Pop_Fem,Ed_Female_,Ed_Total_C,Ed_Total_1,Ed_At_Leas,Ed_HS_or_H,Exp_Single,Exp_Sing_1,Exp_Sing_2,Exp_Sing_3,Shape__Area,Shape__Length,education_total_pct
1,1,48,479,001501,2,484790015012,Block Group 2,G5030,S,446965,0,+27.5337798,-099.4969149,LDO484790015012,1500000US484790015012,484790015012,"Block Group 2, Census Tract 15.01, Webb County, Texas",8804.59860745,4810465.33071,8804.59836274,4810465.31091,8804.59860745,4810465.33071,16325,1843,485,371,3.87,202,39,130,114,1.53,64,50,197,269,69,39,89,44,28,60,154,174,216,1219,534,685,508,26,4.86891385768,930,445,Est_M_5th_and_6th,485,Est_F_HS_GED,Total_HS_GED,219,YES,359,51.40379,34.70389,86.10768,13.89232,570631.23046875,3032.953669259993,38.6
2,2,48,479,001709,3,484790017093,Block Group 3,G5030,S,1249745,0,+27.5639130,-099.4965085,LDO484790017093,1500000US484790017093,484790017093,"Block Group 3, Census Tract 17.09, Webb County, Texas",18286.8334716,13450549.5546,18286.8324243,13450549.2475,18286.8334716,13450549.5546,36042,1304,441,387,2.93,213,66,108,54,1.35,18,36,82,99,0,0,82,0,17,82,82,305,342,962,638,324,621,17,2.66457680251,961,467,Est_M_HS_GED,494,Est_F_HS_GED,Total_HS_GED,290,YES,729,50.41847,38.51974,88.93821,11.06179,1596393.03125,6298.455310670311,75.86
3,3,48,479,001502,2,484790015022,Block Group 2,G5030,S,646526,0,+27.5339025,-099.4845926,LDO484790015022,1500000US484790015022,484790015022,"Block Group 2, Census Tract 15.02, Webb County, Texas",11210.8504857,6958228.44849,11210.8507409,6958228.21268,11210.8504857,6958228.44849,21824,2819,920,697,3.45,436,115,146,223,1.09,107,116,291,404,79,83,129,67,46,75,205,406,516,2191,955,1236,921,34,3.56020942408,1768,928,Est_M_HS_GED,840,Est_F_HS_GED,Total_HS_GED,513,YES,1002,43.43928,33.15308,76.59236,23.40764,825406.82421875,3860.534645579657,56.67
4,4,48,479,001601,1,484790016011,Block Group 1,G5030,S,1219240,0,+27.5357540,-099.4759516,LDO484790016011,1500000US484790016011,484790016011,"Block Group 1, Census Tract 16.01, Webb County, Texas",18252.6091661,13122087.302,18252.6091571,13122087.0141,18252.6091661,13122087.302,38182,972,262,224,3.63,138,7,79,38,1.0,22,16,55,55,25,0,30,0,0,23,23,169,207,697,384,313,372,12,3.125,395,251,Est_M_HS_GED,144,Est_F_College_1_or_more_No_Degree,Total_HS_GED,119,YES,292,54.64346,36.51344,91.1569,8.8431,1556634.14453125,6282.258175822439,73.92
5,5,48,479,001601,2,484790016012,Block Group 2,G5030,S,671022,0,+27.5426340,-099.4761320,LDO484790016012,1500000US484790016012,484790016012,"Block Group 2, Census Tract 16.01, Webb County, Texas",12012.8648835,7221926.78909,12012.8651707,7221926.6963,12012.8648835,7221926.78909,27258,983,346,290,2.99,162,24,104,56,1.0,26,30,108,108,34,0,74,0,0,74,74,182,238,696,379,317,374,5,1.31926121372,691,245,Est_M_5th_and_6th,446,Est_F_Associates_degree,Total_5th_and_6th,158,NO,365,42.2421,34.01747,76.25957,23.74043,856819.796875,4132.897663277313,52.82
6,6,48,479,001814,2,484790018142,Block Group 2,G5030,S,10926787,19545,+27.4894888,-099.3729265,LDO484790018142,1500000US484790018142,484790018142,"Block Group 2, Census Tract 18.14, Webb County, Texas",62509.7944198,117808680.865,92484.0623895,39179995.2222,62509.7944198,117808680.865,28000,1877,396,354,4.48,257,46,51,42,1.26,22,20,156,165,83,33,40,0,9,22,138,198,231,1038,553,485,487,66,11.9349005425,648,304,Est_M_5th_and_6th,344,Est_F_HS_GED,Total_5th_and_6th,206,NO,173,48.97455,50.18757,99.16212,0.83788,13964370.7109375,21482.60735294485,26.7
7,7,48,479,001202,2,484790012022,Block Group 2,G5030,S,320658,0,+27.5201280,-099.5002749,LDO484790012022,1500000US484790012022,484790012022,"Block Group 2, Census Tract 12.02, Webb County, Texas",7484.34146316,3451062.39786,7484.34156639,3451062.49739,7484.34146316,3451062.39786,11071,1898,508,409,3.91,199,16,194,99,1.06,33,66,297,371,105,11,181,33,41,149,234,112,137,1117,398,719,366,32,8.04020100503,854,310,Est_M_College_1_or_more_No_Degree,544,Est_F_9th,Total_9th,153,NO,336,43.20335,30.59074,73.79409,26.20591,409276.12890625,2578.743264572399,39.34
8,8,48,479,001401,2,484790014012,Block Group 2,G5030,S,438844,0,+27.5352564,-099.5121468,LDO484790014012,1500000US484790014012,484790014012,"Block Group 2, Census Tract 14.01, Webb County, Texas",10047.725936,4723042.47546,10047.7261795,4723042.19477,10047.725936,4723042.47546,23718,1814,418,341,4.49,231,28,82,77,1.1,56,21,139,190,106,20,13,30,21,13,100,202,228,1241,618,623,537,81,13.1067961165,920,486,Est_M_HS_GED,434,Est_F_HS_GED,Total_HS_GED,357,YES,485,50.02197,40.25658,90.27855,9.72145,560275.41015625,3464.7021168656634,52.72
9,9,48,479,001401,1,484790014011,Block Group 1,G5030,S,862260,0,+27.5398089,-099.5064695,LDO484790014011,1500000US484790014011,484790014011,"Block Group 1, Census Tract 14.01, Webb County, Texas",12568.8990796,9280130.22677,12568.8993098,9280130.12833,12568.8990796,9280130.22677,19688,1276,408,304,3.45,154,49,101,104,1.0,37,67,137,198,90,0,47,29,32,47,110,167,210,1030,363,667,284,79,21.7630853994,1028,460,Est_M_HS_GED,568,Est_F_HS_GED,Total_HS_GED,305,YES,498,42.38715,36.11747,78.50462,21.49538,1100952.97265625,4330.938486498932,48.44
10,10,48,479,001706,3,484790017063,Block Group 3,G5030,S,467695,0,+27.5439319,-099.4998882,LDO484790017063,1500000US484790017063,484790017063,"Block Group 3, Census Tract 17.06, Webb County, Texas",12386.8165217,5033601.76028,12386.8156701,5033601.30895,12386.8165217,5033601.76028,20450,1068,287,236,3.75,135,12,89,51,1.25,13,38,114,152,64,12,38,0,38,38,100,122,135,732,410,322,373,37,9.0243902439,844,384,Est_M_HS_GED,460,Est_F_HS_GED,Total_HS_GED,170,YES,435,48.19161,32.43713,80.62874,19.37126,597207.4140625,4265.894121399871,51.54
11,11,48,479,001706,4,484790017064,Block Group 4,G5030,S,200820,0,+27.5411241,-099.4948491,LDO484790017064,1500000US484790017064,484790017064,"Block Group 4, Census Tract 17.06, Webb County, Texas",6002.75394155,2161323.92875,6002.75339725,2161324.17201,6002.75394155,2161323.92875,19519,1380,468,325,3.29,165,39,121,143,1.43,46,97,137,186,33,17,87,19,30,79,129,188,282,1017,486,531,461,25,5.14403292181,1002,485,Est_M_HS_GED,517,Est_F_HS_GED,Total_HS_GED,329,YES,607,48.5247,34.30036,82.82506,17.17494,256415.76171875,2067.048594305194,60.58
12,12,48,479,001706,2,484790017062,Block Group 2,G5030,S,204183,0,+27.5446937,-099.4942064,LDO484790017062,1500000US484790017062,484790017062,"Block Group 2, Census Tract 17.06, Webb County, Texas",5965.89392866,2197535.24948,5965.89391457,2197535.31053,5965.89392866,2197535.24948,28558,866,353,160,3.44,109,22,29,193,1.4,65,128,56,113,56,0,0,6,51,0,56,104,240,619,368,251,368,0,0.0,483,198,Est_M_Associates_degree,285,Est_F_Bachelors_degree,Total_7th_and_8th,85,NO,268,43.44648,31.42658,74.87306,25.12694,260728.234375,2054.3761978488137,55.49
13,13,48,479,001601,3,484790016013,Block Group 3,G5030,S,928087,0,+27.5493145,-099.4770486,LDO484790016013,1500000US484790016013,484790016013,"Block Group 3, Census Tract 16.01, Webb County, Texas",12594.2845319,9988584.98447,12594.2845397,9988584.83373,12594.2845319,9988584.98447,56338,2201,656,538,3.46,377,46,115,118,1.19,79,39,67,88,38,0,29,12,9,21,40,471,568,1729,1043,686,1023,20,1.91754554171,1243,621,Est_M_HS_GED,622,Est_F_Masters_degree,Total_HS_GED,305,YES,854,50.46288,41.03192,91.4948,8.5052,1185200.1015625,4338.5288116422425,68.7
14,14,48,479,001722,2,484790017222,Block Group 2,G5030,S,870178,0,+27.5878830,-099.4734715,LDO484790017222,1500000US484790017222,484790017222,"Block Group 2, Census Tract 17.22, Webb County, Texas",22068.8935077,9365478.14295,22068.8933845,9365478.22031,22068.8935077,9365478.14295,85690,1476,506,443,2.94,305,47,91,63,1.0,0,63,15,15,15,0,0,0,0,0,0,428,491,1236,901,335,842,59,6.54827968923,1036,463,Est_M_College_1_or_more_No_Degree,573,Est_F_Bachelors_degree,Total_Some_college_1_or_more_years_no_degree,271,YES,831,85.88829,46.139,132.02729,-32.02729,1111959.34375,7605.0298959942065,80.21
15,15,48,479,001713,1,484790017131,Block Group 1,G5030,S,2159664,0,+27.5998078,-099.4588220,LDO484790017131,1500000US484790017131,484790017131,"Block Group 1, Census Tract 17.13, Webb County, Texas",21777.1841772,23244000.9812,21777.1835758,23244001.3084,21777.1841772,23244000.9812,73773,6713,1815,1447,4.06,1118,185,144,368,1.32,133,235,91,91,16,75,0,0,0,0,91,1356,1724,4619,3502,1117,3316,186,5.31125071388,3612,1685,Est_M_Bachelors_degree,1927,Est_F_HS_GED,Total_HS_GED,980,YES,3052,70.27224,46.70699,116.97923,-16.97923,2760492.94921875,7498.99950233602,84.5
16,16,48,479,001719,1,484790017191,Block Group 1,G5030,S,343310,0,+27.5473413,-099.4857302,LDO484790017191,1500000US484790017191,484790017191,"Block Group 1, Census Tract 17.19, Webb County, Texas",8783.29533547,3694888.60106,8783.29574636,3694888.27567,8783.29533547,3694888.60106,50278,712,238,187,3.54,128,21,38,51,1.0,11,40,10,10,5,0,5,0,0,0,5,177,228,552,302,250,290,12,3.97350993377,436,170,Est_M_Bachelors_degree,266,Est_F_Bachelors_degree,Total_Bachelors_degree,154,YES,367,59.23924,41.95581,101.19505,-1.19505,438403.44921875,3023.362930619676,84.17
17,17,48,479,001718,2,484790017182,Block Group 2,G5030,S,235054,0,+27.5484447,-099.4934215,LDO484790017182,1500000US484790017182,484790017182,"Block Group 2, Census Tract 17.18, Webb County, Texas",6339.75652235,2529796.37369,6339.75645304,2529796.15344,6339.75652235,2529796.37369,63015,614,211,185,2.97,168,12,5,26,1.19,11,15,20,26,20,0,0,0,6,0,5,165,185,528,245,283,233,12,4.89795918367,483,241,Est_M_HS_GED,242,Est_F_Bachelors_degree,Total_HS_GED,135,YES,340,49.06472,37.39962,86.46434,13.53566,300169.4921875,2183.266927013129,70.39
18,18,48,479,001711,2,484790017112,Block Group 2,G5030,S,23606863,439221,+27.6178720,-099.5334595,LDO484790017112,1500000US484790017112,484790017112,"Block Group 2, Census Tract 17.11, Webb County, Texas",101103.99892,258804326.666,78772.996699,192355708.361,101103.99892,258804326.666,51926,4247,1048,991,3.97,838,35,118,57,1.0,26,31,100,100,100,0,0,0,0,0,90,891,948,2618,1704,914,1654,50,2.93427230047,2149,1010,Est_M_HS_GED,1139,Est_F_College_1_or_more_No_Degree,Total_HS_GED,522,YES,1530,61.022,49.44277,110.46477,-10.46477,30746063.0703125,34839.705424568005,71.2
19,19,48,479,001711,1,484790017111,Block Group 1,G5030,S,28898737,225574,+27.6560803,-099.5525079,LDO484790017111,1500000US484790017111,484790017111,"Block Group 1, Census Tract 17.11, Webb County, Texas",98037.7442541,313464499.915,84719.4362754,113920647.901,98037.7442541,313464499.915,62188,2219,582,546,3.73,368,85,93,36,1.5,27,9,50,50,29,12,9,0,0,9,50,496,532,1549,993,556,940,53,5.33736153072,1095,533,Est_M_Bachelors_degree,562,Est_F_College_1_or_more_No_Degree,Total_Some_college_1_or_more_years_no_degree,348,YES,892,70.27224,50.09197,120.36421,-20.36421,37261295.75390625,33796.37316059901,81.46
20,20,48,479,001721,1,484790017211,Block Group 1,G5030,S,666996,0,+27.5769324,-099.4772052,LDO484790017211,1500000US484790017211,484790017211,"Block Group 1, Census Tract 17.21, Webb County, Texas",12863.1839375,7178654.99308,12863.1842781,7178655.54387,12863.1839375,7178654.99308,88068,1072,393,285,3.14,208,28,49,108,1.0,80,28,0,22,0,0,0,22,0,0,0,285,371,931,627,304,566,61,9.7288676236,888,355,Est_M_HS_GED,533,Est_F_Bachelors_degree,Total_Bachelors_degree,228,YES,722,86.58636,45.14564,131.732,-31.732,852202.75,4434.075428842407,81.31
21,21,48,479,001718,1,484790017181,Block Group 1,G5030,S,1336748,0,+27.5531063,-099.4975570,LDO484790017181,1500000US484790017181,484790017181,"Block Group 1, Census Tract 17.18, Webb County, Texas",15732.4355084,14386877.6718,15732.4353438,14386877.5075,15732.4355084,14386877.6718,54318,1557,512,378,3.35,273,0,105,134,1.16,66,68,42,69,21,0,21,0,27,21,32,336,443,1208,657,551,652,5,0.76103500761,1012,465,Est_M_College_1_or_more_No_Degree,547,Est_F_Bachelors_degree,Total_Bachelors_degree,228,YES,749,57.60131,43.46757,101.06888,-1.06888,1707195.6640625,5419.51085005641,74.01
22,22,48,479,000101,1,484790001011,Block Group 1,G5030,S,393671,0,+27.4952704,-099.4782380,LDO484790001011,1500000US484790001011,484790001011,"Block Group 1, Census Tract 1.01, Webb County, Texas",10228.9465159,4236835.30382,10228.9457168,4236835.27878,10228.9465159,4236835.30382,0,1633,452,336,4.12,190,44,102,116,1.16,45,71,148,250,122,0,26,45,57,26,105,188,202,1217,583,634,550,33,5.66037735849,1149,505,Est_M_HS_GED,644,Est_F_HS_GED,Total_HS_GED,344,YES,591,42.98764,37.79177,80.77941,19.22059,502243.5234375,3524.981743434529,51.44
23,23,48,479,000108,1,484790001081,Block Group 1,G5030,S,331068,0,+27.4662526,-099.4659004,LDO484790001081,1500000US484790001081,484790001081,"Block Group 1, Census Tract 1.08, Webb County, Texas",8956.93036589,3563063.17799,8956.93052876,3563063.07755,8956.93036589,3563063.17799,32422,1871,431,352,4.48,221,42,89,79,1.13,47,32,113,167,50,15,48,22,32,40,87,239,264,1286,750,536,670,80,10.6666666667,840,400,Est_M_HS_GED,440,Est_F_HS_GED,Total_HS_GED,211,YES,488,41.55839,44.37743,85.93582,14.06418,422156.56640625,3081.364343617171,58.1
24,24,48,479,000109,1,484790001091,Block Group 1,G5030,S,341565,0,+27.4662070,-099.4739819,LDO484790001091,1500000US484790001091,484790001091,"Block Group 1, Census Tract 1.09, Webb County, Texas",7768.56401472,3676038.07453,7768.56344537,3676038.3174,7768.56401472,3676038.07453,27361,1500,385,323,4.06,204,10,109,62,1.0,20,42,126,171,52,0,74,14,31,74,114,197,214,944,562,382,509,53,9.43060498221,718,321,Est_M_HS_GED,397,Est_F_HS_GED,Total_HS_GED,244,YES,370,40.01571,42.60468,82.62039,17.37961,435541.65234375,2673.3150494154825,51.53
25,25,48,479,000108,2,484790001082,Block Group 2,G5030,S,507810,0,+27.4707882,-099.4662918,LDO484790001082,1500000US484790001082,484790001082,"Block Group 2, Census Tract 1.08, Webb County, Texas",9919.16412358,5465214.78514,9919.16381661,5465214.54505,9919.16412358,5465214.78514,26823,2470,490,442,4.59,250,63,129,48,1.31,24,24,219,234,88,56,75,6,9,75,208,223,256,1483,765,718,743,22,2.87581699346,811,387,Est_M_5th_and_6th,424,Est_F_HS_GED,Total_HS_GED,181,YES,369,35.98137,38.95451,74.93588,25.06412,647577.984375,3413.815272402351,45.5
26,26,48,479,001807,2,484790018072,Block Group 2,G5030,S,1725046,37430,+27.4458388,-099.4903751,LDO484790018072,1500000US484790018072,484790018072,"Block Group 2, Census Tract 18.07, Webb County, Texas",18369.3227906,18968220.3455,18180.026701,18718994.003,18369.3227906,18968220.3455,40400,3256,726,635,4.4,393,15,227,91,1.93,91,0,188,188,66,0,122,0,0,122,175,447,538,2286,1426,860,1306,120,8.41514726508,1645,830,Est_M_HS_GED,815,Est_F_HS_GED,Total_HS_GED,431,YES,980,46.62485,45.2966,91.92145,8.07855,2246595.85546875,6318.222617643276,59.57
27,27,48,479,001809,1,484790018091,Block Group 1,G5030,S,6038079,102934,+27.4369709,-099.4581572,LDO484790018091,1500000US484790018091,484790018091,"Block Group 1, Census Tract 18.09, Webb County, Texas",42665.9535937,66091019.6509,40734.916009,55588405.7584,42665.9535937,66091019.6509,31738,6357,1293,1250,4.54,750,52,448,43,1.19,27,16,472,480,217,41,214,0,8,205,429,778,813,3627,2165,1462,1967,198,9.1454965358,2599,987,Est_M_9th,1612,Est_F_HS_GED,Total_HS_GED,688,YES,1328,51.66707,48.1362,99.80327,0.19673,7826927.703125,14676.903053117132,51.1
28,28,48,479,001402,2,484790014022,Block Group 2,G5030,S,272058,0,+27.5323720,-099.5178725,LDO484790014022,1500000US484790014022,484790014022,"Block Group 2, Census Tract 14.02, Webb County, Texas",7233.32438558,2928014.93669,7233.3237503,2928015.00704,7233.32438558,2928014.93669,22027,1357,272,235,4.95,163,6,66,37,1.0,7,30,130,162,86,0,44,7,25,37,109,105,110,899,387,512,382,5,1.29198966408,675,370,Est_M_HS_GED,305,Est_F_HS_GED,Total_HS_GED,200,YES,336,49.22498,39.30073,88.52571,11.47429,347320.92578125,2490.638877841005,49.78
29,29,48,479,000106,3,484790001063,Block Group 3,G5030,S,340811,0,+27.4835346,-099.4647795,LDO484790001063,1500000US484790001063,484790001063,"Block Group 3, Census Tract 1.06, Webb County, Texas",7988.29193747,3667941.30662,7988.29256887,3667941.70624,7988.29193747,3667941.30662,31729,1208,339,275,3.75,158,8,109,64,1.0,49,15,62,70,16,8,38,0,8,24,37,213,269,1052,693,359,675,18,2.5974025974,806,373,Est_M_College_1_or_more_No_Degree,433,Est_F_HS_GED,Total_HS_GED,224,YES,379,66.31092,41.54379,107.85471,-7.85471,434715.43359375,2751.3127820924324,47.02
30,30,48,479,001714,1,484790017141,Block Group 1,G5030,S,8580604,332654,+27.5655519,-099.4357261,LDO484790017141,1500000US484790017141,484790017141,"Block Group 1, Census Tract 17.14, Webb County, Texas",56587.4995086,95930269.8185,51135.3378034,82132524.3839,56587.4995086,95930269.8185,101875,2843,604,517,3.81,485,28,4,87,1.0,66,21,7,7,7,0,0,0,0,0,7,510,597,2145,1289,856,1188,101,7.83553141971,1111,540,Est_M_Bachelors_degree,571,Est_F_Bachelors_degree,Total_Bachelors_degree,270,YES,885,113.42376,50.92471,164.34847,-64.34847,11386224.77734375,19505.803159398547,79.66
31,31,48,479,001103,2,484790011032,Block Group 2,G5030,S,223303,0,+27.5220378,-099.4653203,LDO484790011032,1500000US484790011032,484790011032,"Block Group 2, Census Tract 11.03, Webb County, Texas",6636.4734794,2403288.06262,6636.47381725,2403288.40171,6636.4734794,2403288.06262,32143,850,240,180,3.8,99,0,81,60,1.12,12,48,67,79,33,0,34,0,12,29,62,113,161,521,346,175,323,23,6.64739884393,388,183,Est_M_HS_GED,205,Est_F_HS_GED,Total_HS_GED,176,YES,325,59.50677,33.51425,93.02102,6.97898,285025.74609375,2285.5146081881303,83.76
32,32,48,479,001809,2,484790018092,Block Group 2,G5030,S,5042503,9883,+27.4242830,-099.4690990,LDO484790018092,1500000US484790018092,484790018092,"Block Group 2, Census Tract 18.09, Webb County, Texas",33523.5982789,54374704.2503,33523.597025,54374704.3118,33523.5982789,54374704.2503,39286,1882,390,347,4.69,195,46,106,43,1.44,24,19,98,117,16,32,50,0,19,50,96,249,273,1034,657,377,601,56,8.52359208524,917,436,Est_M_Associates_degree,481,Est_F_HS_GED,Total_HS_GED,280,YES,658,53.53263,49.86974,103.40237,-3.40237,6437491.4765625,11532.900442425418,71.76
33,33,48,479,001812,2,484790018122,Block Group 2,G5030,S,618173,0,+27.4798368,-099.4545446,LDO484790018122,1500000US484790018122,484790018122,"Block Group 2, Census Tract 18.12, Webb County, Texas",13291.5711645,6652972.59077,13291.5711711,6652972.4973,13291.5711645,6652972.59077,41713,2132,413,413,4.37,244,11,158,0,0.0,0,0,158,158,85,0,73,0,0,73,150,255,255,1285,770,515,731,39,5.06493506494,928,456,Est_M_HS_GED,472,Est_F_HS_GED,Total_HS_GED,338,YES,689,51.6907,45.38426,97.07496,2.92504,788442.33984375,4573.419395072816,74.25
34,34,48,479,001715,1,484790017151,Block Group 1,G5030,S,2351406,93202,+27.5928570,-099.5251920,LDO484790017151,1500000US484790017151,484790017151,"Block Group 1, Census Tract 17.15, Webb County, Texas",25411.7686081,26310699.4663,24847.4633319,25353098.838,25411.7686081,26310699.4663,52039,5800,1601,1357,3.73,983,75,299,244,1.34,131,113,201,212,130,0,71,0,11,71,184,1156,1389,3780,2567,1213,2477,90,3.50603817686,2877,1380,Est_M_Bachelors_degree,1497,Est_F_HS_GED,Total_Bachelors_degree,778,YES,2324,65.48314,44.76734,110.25048,-10.25048,3124398.2578125,8754.046685996123,80.78
35,35,48,479,001201,2,484790012012,Block Group 2,G5030,S,384925,0,+27.5269626,-099.5001529,LDO484790012012,1500000US484790012012,484790012012,"Block Group 2, Census Tract 12.01, Webb County, Texas",8742.82561751,4142764.61562,8742.82605432,4142764.90291,8742.82561751,4142764.61562,31843,1124,349,282,3.48,201,46,35,67,1.0,28,39,64,74,42,0,22,5,5,6,24,218,275,846,482,364,458,24,4.97925311203,753,389,Est_M_HS_GED,364,Est_F_HS_GED,Total_HS_GED,199,YES,411,46.33264,35.5482,81.88084,18.11916,491367.390625,3013.6107231106803,54.58
36,36,48,479,001202,1,484790012021,Block Group 1,G5030,S,307331,0,+27.5195334,-099.4952789,LDO484790012021,1500000US484790012021,484790012021,"Block Group 1, Census Tract 12.02, Webb County, Texas",7329.05682247,3307631.36175,7329.05612935,3307630.86113,7329.05682247,3307631.36175,29922,1096,304,234,3.58,138,53,43,70,1.97,51,19,63,100,34,25,4,18,19,4,34,171,204,898,410,488,410,0,0.0,678,406,Est_M_HS_GED,272,Est_F_5th_and_6th,Total_HS_GED,119,YES,321,42.83957,36.6368,79.47637,20.52363,392261.91796875,2524.620041718589,47.35
37,37,48,479,000107,1,484790001071,Block Group 1,G5030,S,433182,0,+27.4772516,-099.4653791,LDO484790001071,1500000US484790001071,484790001071,"Block Group 1, Census Tract 1.07, Webb County, Texas",8668.15753793,4662029.73106,8668.15719475,4662029.74006,8668.15753793,4662029.73106,20875,2493,599,501,4.19,260,58,183,98,1.06,59,39,246,301,77,34,135,29,26,103,186,255,298,1547,730,817,619,111,15.2054794521,1241,621,Est_M_HS_GED,620,Est_F_HS_GED,Total_HS_GED,347,YES,668,39.47079,38.32964,77.80043,22.19957,552470.9921875,2984.584369760029,53.83
38,38,48,479,001713,2,484790017132,Block Group 2,G5030,S,32755445,21645,+27.6190752,-099.4321055,LDO484790017132,1500000US484790017132,484790017132,"Block Group 2, Census Tract 17.13, Webb County, Texas",106212.589819,352774665.507,88610.1142597,137402732.211,106212.589819,352774665.507,80625,9576,2831,2287,3.66,1744,53,490,544,1.27,146,398,301,356,0,0,301,0,55,280,280,1986,2475,6368,4699,1669,4432,267,5.68206001277,5551,2628,Est_M_Bachelors_degree,2923,Est_F_Bachelors_degree,Total_Bachelors_degree,1663,YES,4145,67.94443,47.96718,115.91161,-15.91161,41908731.9921875,36599.46505193331,74.67
39,39,48,479,001816,1,484790018161,Block Group 1,G5030,S,50624025,272457,+27.5375797,-099.3794643,LDO484790018161,1500000US484790018161,484790018161,"Block Group 1, Census Tract 18.16, Webb County, Texas",110507.02314,547774810.281,44352.4979087,26872910.5413,110507.02314,547774810.281,41719,2845,736,681,3.75,444,25,212,55,1.18,25,30,167,190,114,0,53,13,10,45,152,514,546,2054,1440,614,1341,99,6.875,1456,577,Est_M_HS_GED,879,Est_F_HS_GED,Total_HS_GED,343,YES,912,51.14715,47.30814,98.45529,1.54471,64976968.93359375,38044.02977221726,62.64
40,40,48,479,001710,1,484790017101,Block Group 1,G5030,S,5659820679,19631470,+27.9177306,-099.4483075,LDO484790017101,1500000US484790017101,484790017101,"Block Group 1, Census Tract 17.10, Webb County, Texas",1390013.28719,61136367747.8,381744.810944,276613441.92,1390013.28719,61136367747.8,37344,1961,493,405,4.11,321,34,50,88,1.0,50,38,91,108,67,0,24,9,8,24,91,314,385,1384,675,709,609,66,9.77777777778,739,393,Est_M_HS_GED,346,Est_F_HS_GED,Total_HS_GED,258,YES,411,40.27988,49.0118,89.29168,10.70832,7301096680.519531,479973.72986295185,55.62
41,41,48,479,001817,2,484790018172,Block Group 2,G5030,S,19815597,473345,+27.3771954,-099.4830633,LDO484790018172,1500000US484790018172,484790018172,"Block Group 2, Census Tract 18.17, Webb County, Texas",99900.17694,218350348.432,52298.9481115,94750805.2948,99900.17694,218350348.432,24722,2325,296,229,3.17,127,21,81,67,1.27,26,41,91,120,35,0,56,13,16,33,44,138,176,2160,434,1726,342,92,21.198156682,1959,1597,Est_M_9th,362,Est_F_HS_GED,Total_9th,382,NO,536,48.06826,51.00266,99.07092,0.92908,25824483.865234375,34367.12110683862,27.36
42,42,48,479,001104,2,484790011042,Block Group 2,G5030,S,565876,0,+27.5202704,-099.4714830,LDO484790011042,1500000US484790011042,484790011042,"Block Group 2, Census Tract 11.04, Webb County, Texas",10083.9695532,6090198.81703,10083.9701729,6090198.44554,10083.9695532,6090198.81703,31042,1669,516,364,3.6,268,0,96,152,1.0,95,57,174,216,105,0,69,20,22,69,145,190,300,1280,649,631,565,84,12.9429892142,963,441,Est_M_HS_GED,522,Est_F_HS_GED,Total_HS_GED,181,YES,533,68.11615,36.36774,104.48389,-4.48389,722264.3359375,3473.3725098952664,55.35
43,43,48,479,001712,1,484790017121,Block Group 1,G5030,S,2879781,0,+27.5873514,-099.4888962,LDO484790017121,1500000US484790017121,484790017121,"Block Group 1, Census Tract 17.12, Webb County, Texas",26551.995556,30994310.0994,26551.9956976,30994310.7049,26551.995556,30994310.0994,64141,4083,1480,966,3.37,579,181,206,514,1.12,279,235,63,243,19,0,44,40,140,44,63,903,1237,3194,2271,923,2231,40,1.76133861735,2515,1129,Est_M_College_1_or_more_No_Degree,1386,Est_F_College_1_or_more_No_Degree,Total_Some_college_1_or_more_years_no_degree,653,YES,1812,61.63583,41.71245,103.34828,-3.34828,3680118.0078125,9150.938731815319,72.05
44,44,48,479,001717,1,484790017171,Block Group 1,G5030,S,1820994,37457,+27.5760314,-099.5161295,LDO484790017171,1500000US484790017171,484790017171,"Block Group 1, Census Tract 17.17, Webb County, Texas",22561.8942647,20001940.2831,22175.8408953,19444328.4391,22561.8942647,20001940.2831,33993,2187,579,527,3.58,261,44,222,52,1.23,32,20,198,211,120,2,76,0,13,69,144,329,368,1618,1035,583,1010,25,2.4154589372,1197,600,Est_M_HS_GED,597,Est_F_HS_GED,Total_HS_GED,361,YES,706,46.37917,39.94925,86.32842,13.67158,2374543.40234375,7770.379392648861,58.98
45,45,48,479,001811,2,484790018112,Block Group 2,G5030,S,842096,0,+27.4861313,-099.4580761,LDO484790018112,1500000US484790018112,484790018112,"Block Group 2, Census Tract 18.11, Webb County, Texas",13542.1114727,9062949.02513,13542.1118236,9062949.0307,13542.1114727,9062949.02513,44503,3555,913,821,3.86,585,87,149,92,1.0,29,63,108,127,64,23,21,0,19,21,84,713,786,2583,1614,969,1504,110,6.81536555143,2027,877,Est_M_HS_GED,1150,Est_F_HS_GED,Total_HS_GED,560,YES,1145,46.26216,44.25775,90.51991,9.48009,1074167.92578125,4663.303999908372,56.49
46,46,48,479,001900,2,484790019002,Block Group 2,G5030,S,2127918,123251,+27.5044938,-099.5207262,LDO484790019002,1500000US484790019002,484790019002,"Block Group 2, Census Tract 19, Webb County, Texas",23975.888643,24228004.0642,23587.8647018,22936178.0521,23975.888643,24228004.0642,26779,2069,641,476,3.55,308,17,151,165,1.06,116,49,200,285,106,0,94,43,42,68,146,276,356,1606,914,692,801,113,12.363238512,1276,673,Est_M_HS_GED,603,Est_F_HS_GED,Total_HS_GED,446,YES,658,38.90755,37.94309,76.85064,23.14936,2872512.83984375,8258.323040873147,51.57
47,47,48,479,000700,2,484790007002,Block Group 2,G5030,S,752960,0,+27.5190355,-099.5064666,LDO484790007002,1500000US484790007002,484790007002,"Block Group 2, Census Tract 7, Webb County, Texas",11672.4172407,8103769.17576,11672.4182515,8103769.07248,11672.4172407,8103769.17576,24044,1615,421,340,4.02,170,70,100,81,1.0,29,52,105,111,56,15,34,0,6,34,104,235,310,1178,573,605,525,48,8.37696335079,874,399,Est_M_HS_GED,475,Est_F_HS_GED,Total_HS_GED,278,YES,507,40.92203,37.25113,78.17316,21.82684,961041.78125,4021.318677704761,58.01
48,48,48,479,001813,1,484790018131,Block Group 1,G5030,S,1313789599,2102852,+27.3646589,-099.1499931,LDO484790018131,1500000US484790018131,484790018131,"Block Group 1, Census Tract 18.13, Webb County, Texas",586407.323868,14161704454.9,92060.9848481,98864423.5698,586407.323868,14161704454.9,27750,994,257,230,3.83,196,0,34,27,1.0,17,10,84,100,59,0,25,6,10,25,77,146,157,652,303,349,266,37,12.2112211221,474,227,Est_M_HS_GED,247,Est_F_5th_and_6th,Total_HS_GED,117,YES,237,39.04781,52.97086,92.01867,7.98133,1674996014.4511719,201441.53327145596,50.0
49,49,48,479,001602,1,484790016021,Block Group 1,G5030,S,3369750,0,+27.5715223,-099.4616347,LDO484790016021,1500000US484790016021,484790016021,"Block Group 1, Census Tract 16.02, Webb County, Texas",28898.6069477,36267505.9145,28898.6070996,36267505.9707,28898.6069477,36267505.9145,45455,3054,1040,619,3.27,392,75,152,421,1.43,216,205,62,212,0,20,42,85,65,42,42,557,828,2443,1590,853,1480,110,6.91823899371,1674,814,Est_M_Bachelors_degree,860,Est_F_Bachelors_degree,Total_Bachelors_degree,424,YES,1195,62.28711,38.7078,100.99491,-0.99491,4305028.69921875,9951.742225704485,71.39
50,50,48,479,001722,1,484790017221,Block Group 1,G5030,S,4320476,0,+27.5874795,-099.4563073,LDO484790017221,1500000US484790017221,484790017221,"Block Group 1, Census Tract 17.22, Webb County, Texas",29909.0476358,46500113.3597,29909.0476251,46500113.5029,29909.0476358,46500113.3597,127121,5813,1638,1326,3.78,1118,19,189,312,1.04,135,177,170,197,104,0,66,14,13,17,47,1156,1441,4085,2891,1194,2819,72,2.49048772051,3218,1480,Est_M_Bachelors_degree,1738,Est_F_Bachelors_degree,Total_Bachelors_degree,969,YES,2370,87.0083,48.69785,135.70615,-35.70615,5521217.26171875,10300.087709884494,73.65
51,51,48,479,001807,3,484790018073,Block Group 3,G5030,S,3400304,162163,+27.4241008,-099.4850087,LDO484790018073,1500000US484790018073,484790018073,"Block Group 3, Census Tract 18.07, Webb County, Texas",32328.0708,38339944.7255,32290.3100587,36811292.7548,32328.0708,38339944.7255,34487,3627,882,743,4.2,437,48,258,139,1.17,73,66,305,325,89,42,174,0,20,174,284,438,557,2241,1151,1090,936,215,18.6794092094,1384,518,Est_M_HS_GED,866,Est_F_HS_GED,Total_HS_GED,374,YES,803,50.17274,46.61886,96.7916,3.2084,4539417.326171875,11138.088694886137,58.02
52,52,48,479,001807,1,484790018071,Block Group 1,G5030,S,538324,0,+27.4400077,-099.4850159,LDO484790018071,1500000US484790018071,484790018071,"Block Group 1, Census Tract 18.07, Webb County, Texas",12264.3604854,5793578.80657,12264.3614688,5793578.88059,12264.3604854,5793578.80657,41216,1939,562,431,3.87,284,13,134,131,1.0,81,50,89,139,41,0,48,0,50,48,89,342,423,1324,948,376,924,24,2.53164556962,1060,484,Est_M_HS_GED,576,Est_F_HS_GED,Total_HS_GED,311,YES,573,47.2606,44.03976,91.30036,8.69964,686112.90234375,4215.201098664602,54.06
53,53,48,479,001602,2,484790016022,Block Group 2,G5030,S,5341029,0,+27.5656197,-099.4536885,LDO484790016022,1500000US484790016022,484790016022,"Block Group 2, Census Tract 16.02, Webb County, Texas",54177.3159077,57483599.1997,54177.3151436,57483598.9173,54177.3159077,57483599.1997,103480,2072,573,496,3.68,398,84,14,77,1.06,45,32,41,56,41,0,0,0,15,0,0,455,517,1605,1035,570,1015,20,1.93236714976,1327,673,Est_M_HS_GED,654,Est_F_Bachelors_degree,Total_HS_GED,349,YES,970,108.22205,47.86258,156.08463,-56.08463,6822709.875,18666.974275202854,73.1
54,54,48,479,001712,2,484790017122,Block Group 2,G5030,S,2289495,0,+27.6017211,-099.4868821,LDO484790017122,1500000US484790017122,484790017122,"Block Group 2, Census Tract 17.12, Webb County, Texas",21334.3794078,24641368.7835,21334.3786222,24641368.36,21334.3794078,24641368.7835,60197,3275,992,712,3.98,560,16,136,280,1.1,122,158,23,40,23,0,0,17,0,0,23,689,952,2143,1672,471,1653,19,1.13636363636,1660,766,Est_M_Bachelors_degree,894,Est_F_Bachelors_degree,Total_Bachelors_degree,638,YES,1337,54.71762,43.83148,98.5491,1.4509,2926545.89453125,7352.8455592645005,80.54
55,55,48,479,001001,1,484790010011,Block Group 1,G5030,S,681706,0,+27.5131440,-099.4679605,LDO484790010011,1500000US484790010011,484790010011,"Block Group 1, Census Tract 10.01, Webb County, Texas",11980.9414929,7336803.48611,11980.9421755,7336803.07839,11980.9414929,7336803.48611,29918,1710,575,320,4.0,221,56,43,255,1.22,149,106,68,113,42,0,26,45,0,26,55,252,462,1240,587,653,566,21,3.57751277683,916,465,Est_M_HS_GED,451,Est_F_College_less_1_year,Total_HS_GED,241,YES,463,41.44767,37.30164,78.74931,21.25069,869995.18359375,4125.679705324194,50.55
56,56,48,479,001719,2,484790017192,Block Group 2,G5030,S,824105,0,+27.5531566,-099.4857005,LDO484790017192,1500000US484790017192,484790017192,"Block Group 2, Census Tract 17.19, Webb County, Texas",13821.1033997,8869533.33425,13821.1040525,8869533.36066,13821.1033997,8869533.33425,49038,2628,744,623,3.61,398,49,176,121,1.13,57,64,132,159,42,0,90,5,22,90,124,491,585,1791,1069,722,1020,49,4.58372310571,1423,701,Est_M_HS_GED,722,Est_F_HS_GED,Total_HS_GED,363,YES,986,54.31231,40.00212,94.31443,5.68557,1052490.01953125,4759.980850316713,69.29
57,57,48,479,001706,1,484790017061,Block Group 1,G5030,S,686316,0,+27.5419198,-099.4877107,LDO484790017061,1500000US484790017061,484790017061,"Block Group 1, Census Tract 17.06, Webb County, Texas",10963.0424354,7386509.51822,10963.0420223,7386509.7428,10963.0424354,7386509.51822,41709,1199,439,353,2.8,219,0,134,86,1.59,34,52,64,74,34,0,30,0,10,0,20,289,365,1003,502,501,469,33,6.57370517928,745,336,Est_M_HS_GED,409,Est_F_HS_GED,Total_HS_GED,167,YES,468,47.45242,39.64583,87.09825,12.90175,876335.66015625,3775.89789866327,62.82
58,58,48,479,001501,1,484790015011,Block Group 1,G5030,S,415630,0,+27.5379000,-099.5003030,LDO484790015011,1500000US484790015011,484790015011,"Block Group 1, Census Tract 15.01, Webb County, Texas",12468.4939813,4473239.00409,12468.4955246,4473239.1034,12468.4939813,4473239.00409,26063,957,290,232,3.33,108,49,75,58,1.28,28,30,57,78,6,13,38,16,5,31,50,175,212,771,312,459,304,8,2.5641025641,765,328,Est_M_HS_GED,437,Est_F_HS_GED,Total_HS_GED,238,YES,448,50.84205,39.68833,90.53038,9.46962,530655.38671875,4295.742285660577,58.56
59,59,48,479,001709,2,484790017092,Block Group 2,G5030,S,1848551,0,+27.5611163,-099.4845061,LDO484790017092,1500000US484790017092,484790017092,"Block Group 2, Census Tract 17.09, Webb County, Texas",22322.0956106,19895280.3677,22322.095576,19895281.0684,22322.0956106,19895280.3677,60000,2812,964,664,3.27,560,35,69,300,1.07,83,217,95,245,95,0,0,66,84,0,48,569,719,2371,1537,834,1511,26,1.69160702668,2106,965,Est_M_Bachelors_degree,1141,Est_F_College_1_or_more_No_Degree,Total_Bachelors_degree,474,YES,1413,60.08911,40.88434,100.97345,-0.97345,2361177.1640625,7685.781188163888,67.09
60,60,48,479,000901,1,484790009011,Block Group 1,G5030,S,614007,0,+27.5260319,-099.4834823,LDO484790009011,1500000US484790009011,484790009011,"Block Group 1, Census Tract 9.01, Webb County, Texas",10717.7800885,6608230.47314,10717.7807287,6608230.84559,10717.7800885,6608230.47314,27031,1332,371,267,3.95,164,41,62,104,1.0,72,32,52,140,7,24,21,64,24,21,21,215,231,974,456,518,456,0,0.0,750,319,Est_M_HS_GED,431,Est_F_5th_and_6th,Total_5th_and_6th,173,NO,412,41.36097,38.27886,79.63983,20.36017,783779.87890625,3693.568353932466,54.93
61,61,48,479,000901,2,484790009012,Block Group 2,G5030,S,330524,0,+27.5191076,-099.4833600,LDO484790009012,1500000US484790009012,484790009012,"Block Group 2, Census Tract 9.01, Webb County, Texas",8103.2740435,3557285.11809,8103.27437924,3557285.0186,8103.2740435,3557285.11809,28088,1500,440,268,4.4,191,6,71,172,1.0,39,133,79,172,64,0,15,13,80,0,57,189,268,1165,672,493,590,82,12.2023809524,875,335,Est_M_HS_GED,540,Est_F_HS_GED,Total_HS_GED,255,YES,472,39.1552,33.76799,72.92319,27.07681,421865.921875,2790.609753615256,53.94
62,62,48,479,000901,3,484790009013,Block Group 3,G5030,S,372564,0,+27.5139114,-099.4834447,LDO484790009013,1500000US484790009013,484790009013,"Block Group 3, Census Tract 9.01, Webb County, Texas",8023.73303895,4009718.90158,8023.73369904,4009718.77192,8023.73303895,4009718.90158,33833,1389,312,241,3.8,116,22,103,71,1.0,13,58,78,104,26,13,39,0,26,32,65,163,208,992,491,501,464,27,5.49898167006,732,207,Est_M_College_1_or_more_No_Degree,525,Est_F_HS_GED,Total_HS_GED,157,YES,434,47.71611,36.27336,83.98947,16.01053,475477.31640625,2763.027682777346,59.29
63,63,48,479,001810,2,484790018102,Block Group 2,G5030,S,889797,0,+27.4926593,-099.4434670,LDO484790018102,1500000US484790018102,484790018102,"Block Group 2, Census Tract 18.10, Webb County, Texas",14554.7735778,9576322.42737,14554.7724004,9576322.40506,14554.7735778,9576322.42737,49539,1962,455,382,4.44,231,43,108,73,2.0,73,0,126,126,19,43,64,0,0,64,113,256,329,1214,826,388,797,29,3.51089588378,858,397,Est_M_HS_GED,461,Est_F_HS_GED,Total_HS_GED,507,YES,728,40.99558,44.9133,85.90888,14.09112,1135146.734375,5009.83750351091,84.85
64,64,48,479,001816,2,484790018162,Block Group 2,G5030,S,2857034,0,+27.5202750,-099.4495538,LDO484790018162,1500000US484790018162,484790018162,"Block Group 2, Census Tract 18.16, Webb County, Texas",33013.1563174,30748765.3238,33022.5619396,30740753.4671,33013.1563174,30748765.3238,63194,1309,322,300,3.86,227,0,73,22,1.0,0,22,56,67,56,0,0,0,11,0,56,244,255,1001,764,237,709,55,7.19895287958,658,297,Est_M_HS_GED,361,Est_F_HS_GED,Total_HS_GED,290,YES,530,52.77894,47.45998,100.23892,-0.23892,3646637.4140625,11365.314986692234,80.55
65,65,48,479,000901,4,484790009014,Block Group 4,G5030,S,376216,0,+27.5097817,-099.4866015,LDO484790009014,1500000US484790009014,484790009014,"Block Group 4, Census Tract 9.01, Webb County, Texas",10092.2278961,4049011.34936,10092.2278806,4049011.47839,10092.2278961,4049011.34936,36477,854,270,189,3.44,70,0,119,81,1.17,73,8,53,66,23,0,30,13,0,20,43,136,204,585,231,354,231,0,0.0,559,204,Est_M_College_1_or_more_No_Degree,355,Est_F_HS_GED,Total_HS_GED,137,YES,299,47.90579,36.17341,84.0792,15.9208,480101.6015625,3469.661398542845,53.49
66,66,48,479,001709,1,484790017091,Block Group 1,G5030,S,963080,0,+27.5686534,-099.4782458,LDO484790017091,1500000US484790017091,484790017091,"Block Group 1, Census Tract 17.09, Webb County, Texas",14924.1548811,10365312.2006,14924.1556769,10365311.9352,14924.1548811,10365312.2006,64726,1374,535,341,3.04,232,0,109,194,1.39,166,28,32,32,0,0,32,0,0,22,22,309,503,1232,720,512,668,52,7.22222222222,807,427,Est_M_Bachelors_degree,380,Est_F_Masters_degree,Total_Bachelors_degree,215,YES,530,74.99683,44.15712,119.15395,-19.15395,1230321.53515625,5139.095538163326,65.68
67,67,48,479,001004,1,484790010041,Block Group 1,G5030,S,425058,0,+27.5076586,-099.4731305,LDO484790010041,1500000US484790010041,484790010041,"Block Group 1, Census Tract 10.04, Webb County, Texas",13233.4056855,4574643.82559,13233.407615,4574643.88014,13233.4056855,4574643.82559,23571,894,270,201,3.76,116,19,66,69,1.0,27,42,85,133,38,0,47,14,34,40,75,116,137,561,278,283,271,7,2.51798561151,340,139,Est_M_HS_GED,201,Est_F_HS_GED,Total_HS_GED,119,YES,220,46.8454,37.30576,84.15116,15.84884,542406.87109375,4548.989385943827,64.71
68,68,48,479,001001,3,484790010013,Block Group 3,G5030,S,660605,0,+27.5129879,-099.4762358,LDO484790010013,1500000US484790010013,484790010013,"Block Group 3, Census Tract 10.01, Webb County, Texas",10663.3974783,7109715.74851,10663.397471,7109715.74815,10663.3974783,7109715.74851,81094,1116,370,260,3.6,159,49,52,110,1.15,37,73,9,18,9,0,0,0,9,0,9,251,352,961,594,367,531,63,10.6060606061,782,340,Est_M_Bachelors_degree,442,Est_F_Bachelors_degree,Total_Bachelors_degree,203,YES,552,65.40625,41.38517,106.79142,-6.79142,843064.9140625,3671.984362163321,70.59
69,69,48,479,000101,2,484790001012,Block Group 2,G5030,S,451598,0,+27.5012792,-099.4737659,LDO484790001012,1500000US484790001012,484790001012,"Block Group 2, Census Tract 1.01, Webb County, Texas",10039.0367131,4860312.17939,10039.0361648,4860312.88216,10039.0367131,4860312.17939,13239,1562,448,375,3.56,150,14,211,73,1.19,39,34,269,299,94,14,161,24,6,110,190,106,149,1089,334,755,311,23,6.88622754491,851,386,Est_M_HS_GED,465,Est_F_HS_GED,Total_HS_GED,234,YES,354,42.52011,36.74829,79.2684,20.7316,576212.95703125,3453.538967841739,41.6
70,70,48,479,000101,3,484790001013,Block Group 3,G5030,S,400223,0,+27.5044399,-099.4764810,LDO484790001013,1500000US484790001013,484790001013,"Block Group 3, Census Tract 1.01, Webb County, Texas",9065.016637,4307343.50889,9065.01634365,4307343.27898,9065.016637,4307343.50889,0,694,226,166,3.42,98,17,51,60,1.0,33,27,50,105,16,17,17,33,22,17,50,116,121,533,176,357,170,6,3.40909090909,413,243,Est_M_HS_GED,170,Est_F_Bachelors_degree,Total_HS_GED,87,YES,283,45.72169,40.14034,85.86203,14.13797,510684.515625,3118.6584919513725,68.52
71,71,48,479,000200,3,484790002003,Block Group 3,G5030,S,1188901,103685,+27.4983508,-099.4897021,LDO484790002003,1500000US484790002003,484790002003,"Block Group 3, Census Tract 2, Webb County, Texas",20696.2544425,13911325.5549,20709.8626102,12900828.4148,20696.2544425,13911325.5549,25590,1727,405,296,4.11,190,20,86,109,1.0,78,31,107,161,48,0,59,23,31,59,107,189,244,1094,490,604,425,65,13.2653061224,863,362,Est_M_HS_GED,501,Est_F_5th_and_6th,Total_HS_GED,206,YES,386,47.28269,41.75387,89.03656,10.96344,1649128.9140625,7127.608732693253,44.73
72,72,48,479,000200,4,484790002004,Block Group 4,G5030,S,410491,0,+27.5061371,-099.4927290,LDO484790002004,1500000US484790002004,484790002004,"Block Group 4, Census Tract 2, Webb County, Texas",9006.6528338,4417898.6958,9006.65238873,4417898.64576,9006.6528338,4417898.6958,21310,924,262,176,3.72,32,42,102,86,1.78,49,37,46,64,25,0,21,0,18,21,46,130,198,654,337,317,328,9,2.6706231454,642,263,Est_M_HS_GED,379,Est_F_HS_GED,Total_HS_GED,297,YES,417,44.63281,37.02624,81.65905,18.34095,523807.80859375,3099.3702445693966,64.95
73,73,48,479,000200,2,484790002002,Block Group 2,G5030,S,415147,0,+27.5024498,-099.4845016,LDO484790002002,1500000US484790002002,484790002002,"Block Group 2, Census Tract 2, Webb County, Texas",8724.50373637,4467946.86406,8724.5036009,4467947.00087,8724.50373637,4467946.86406,26330,1489,350,241,4.52,152,22,67,109,1.61,41,68,115,160,43,22,50,22,23,50,115,126,190,1044,605,439,605,0,0.0,836,364,Est_M_HS_GED,472,Est_F_Nursery_to_4th,Total_HS_GED,230,YES,459,50.14975,35.496,85.64575,14.35425,529707.20703125,3002.220973384798,54.9
74,74,48,479,000200,1,484790002001,Block Group 1,G5030,S,332499,0,+27.5065759,-099.4845017,LDO484790002001,1500000US484790002001,484790002001,"Block Group 1, Census Tract 2, Webb County, Texas",8033.96528724,3578496.09006,8033.96560841,3578495.75248,8033.96528724,3578496.09006,26719,318,155,82,2.74,35,20,27,73,1.0,27,46,26,26,26,0,0,0,0,0,26,56,129,248,132,116,132,0,0.0,173,71,Est_M_5th_and_6th,102,Est_F_Bachelors_degree,Total_7th_and_8th,44,NO,73,48.77798,33.7077,82.48568,17.51432,424287.3515625,2763.91209187409,42.2
75,75,48,479,000300,1,484790003001,Block Group 1,G5030,S,258214,12534,+27.5006056,-099.4993881,LDO484790003001,1500000US484790003001,484790003001,"Block Group 1, Census Tract 3, Webb County, Texas",8233.51586545,2913901.59163,8164.70056837,2807645.74825,8233.51586545,2913901.59163,25221,781,161,118,5.36,35,5,78,43,1.0,15,28,58,97,5,5,48,15,24,48,58,60,64,446,223,223,223,0,0.0,289,92,Est_M_5th_and_6th,197,Est_F_HS_GED,Total_HS_GED,100,YES,153,49.88461,36.64169,86.5263,13.4737,345456.58203125,2833.551318484475,52.94
76,76,48,479,001900,1,484790019001,Block Group 1,G5030,S,359176,0,+27.5074633,-099.5137463,LDO484790019001,1500000US484790019001,484790019001,"Block Group 1, Census Tract 19, Webb County, Texas",7891.68688507,3865607.54382,7891.68752099,3865607.63983,7891.68688507,3865607.54382,17163,697,227,171,3.3,70,29,72,56,1.0,16,40,94,101,25,29,40,0,7,40,70,77,126,510,298,212,245,53,17.7852348993,435,116,Est_M_College_1_or_more_No_Degree,319,Est_F_5th_and_6th,Total_5th_and_6th,106,NO,185,44.82253,34.14793,78.97046,21.02954,458336.16796875,2716.6037804876605,42.53
77,77,48,479,000601,3,484790006013,Block Group 3,G5030,S,406578,0,+27.5126634,-099.5137152,LDO484790006013,1500000US484790006013,484790006013,"Block Group 3, Census Tract 6.01, Webb County, Texas",9004.44950636,4375784.26905,9004.44897298,4375783.86442,9004.44950636,4375784.26905,16667,997,236,205,3.96,126,0,79,31,1.0,10,21,94,120,45,0,49,5,21,42,62,111,116,671,274,397,267,7,2.55474452555,493,235,Est_M_HS_GED,258,Est_F_HS_GED,Total_HS_GED,179,YES,226,42.35849,38.82144,81.17993,18.82007,518874.31640625,3100.9124389582535,45.84
78,78,48,479,000602,2,484790006022,Block Group 2,G5030,S,398723,0,+27.5159951,-099.5192576,LDO484790006022,1500000US484790006022,484790006022,"Block Group 2, Census Tract 6.02, Webb County, Texas",11556.4593473,4291259.21216,11556.4588403,4291259.48731,11556.4593473,4291259.21216,22708,1317,335,284,3.88,117,43,124,51,1.41,34,17,120,165,0,25,95,28,17,79,104,164,170,973,523,450,489,34,6.50095602294,694,375,Est_M_HS_GED,319,Est_F_HS_GED,Total_HS_GED,209,YES,315,45.5537,39.73264,85.28634,14.71366,508881.4453125,3983.6931601412734,45.39
79,79,48,479,000601,2,484790006012,Block Group 2,G5030,S,274203,0,+27.5172601,-099.5135187,LDO484790006012,1500000US484790006012,484790006012,"Block Group 2, Census Tract 6.01, Webb County, Texas",7081.97443448,2951114.27814,7081.97424568,2951114.24082,7081.97443448,2951114.27814,27426,1274,281,228,4.41,142,24,62,53,1.11,28,25,110,152,75,19,16,17,25,16,95,118,129,825,300,525,293,7,2.33333333333,568,239,Est_M_HS_GED,329,Est_F_HS_GED,Total_HS_GED,191,YES,314,59.16402,35.88717,95.05119,4.94881,349967.42578125,2437.3717184874313,55.28
80,80,48,479,000700,1,484790007001,Block Group 1,G5030,S,396775,0,+27.5121961,-099.5063043,LDO484790007001,1500000US484790007001,484790007001,"Block Group 1, Census Tract 7, Webb County, Texas",9599.48852302,4270286.62443,9599.48888216,4270286.78268,9599.48852302,4270286.62443,22616,1620,412,323,4.25,136,85,102,89,1.16,52,37,169,211,55,31,83,15,27,70,120,154,201,1072,531,541,503,28,5.27306967985,864,424,Est_M_HS_GED,440,Est_F_HS_GED,Total_HS_GED,240,YES,395,39.65374,32.74707,72.40081,27.59919,506360.41015625,3305.3331404128944,45.72
81,81,48,479,000800,1,484790008001,Block Group 1,G5030,S,303130,0,+27.5144568,-099.4958165,LDO484790008001,1500000US484790008001,484790008001,"Block Group 1, Census Tract 8, Webb County, Texas",7358.80444836,3262419.83279,7358.80431098,3262419.80783,7358.80444836,3262419.83279,0,829,217,189,3.81,107,12,70,28,1.0,0,28,97,115,59,0,38,0,18,31,85,92,102,567,308,259,279,29,9.41558441558,450,214,Est_M_Bachelors_degree,236,Est_F_HS_GED,Total_HS_GED,88,YES,229,40.29104,35.53004,75.82108,24.17892,386865.41796875,2533.7144257818386,50.89
82,82,48,479,000800,3,484790008003,Block Group 3,G5030,S,195341,0,+27.5147455,-099.5006985,LDO484790008003,1500000US484790008003,484790008003,"Block Group 3, Census Tract 8, Webb County, Texas",5838.46569051,2102334.35502,5838.46563462,2102334.46836,5838.46569051,2102334.35502,20132,697,224,146,3.8,98,10,38,78,1.08,33,45,70,102,28,10,32,14,18,32,53,76,122,505,224,281,205,19,8.48214285714,480,219,Est_M_Nursery_to_4th,261,Est_F_HS_GED,Total_HS_GED,120,YES,196,45.71131,35.40913,81.12044,18.87956,249300.984375,2011.3114526527702,40.83
83,83,48,479,000903,2,484790009032,Block Group 2,G5030,S,290783,0,+27.5283217,-099.4893286,LDO484790009032,1500000US484790009032,484790009032,"Block Group 2, Census Tract 9.03, Webb County, Texas",8030.58682312,3129549.80904,8030.58584578,3129549.94753,8030.58682312,3129549.80904,31583,1206,378,284,3.34,181,9,94,94,1.48,55,39,69,94,40,0,29,11,14,29,61,215,284,974,480,494,467,13,2.70833333333,734,329,Est_M_HS_GED,405,Est_F_5th_and_6th,Total_HS_GED,155,YES,364,61.71136,37.97315,99.68451,0.31549,371200.359375,2765.7649513397323,49.59
84,84,48,479,000904,2,484790009042,Block Group 2,G5030,S,315592,0,+27.5134443,-099.4896837,LDO484790009042,1500000US484790009042,484790009042,"Block Group 2, Census Tract 9.04, Webb County, Texas",7408.38168936,3396538.23542,7408.38136016,3396538.26817,7408.38168936,3396538.23542,23167,1127,338,270,3.45,126,48,96,68,1.22,19,49,125,175,31,36,58,14,36,46,96,145,163,763,328,435,316,12,3.65853658537,587,267,Est_M_College_1_or_more_No_Degree,320,Est_F_HS_GED,Total_HS_GED,93,YES,284,40.59686,35.17688,75.77374,24.22626,402762.26953125,2550.437997031431,48.38
85,85,48,479,001101,1,484790011011,Block Group 1,G5030,S,433913,0,+27.5285763,-099.4686302,LDO484790011011,1500000US484790011011,484790011011,"Block Group 1, Census Tract 11.01, Webb County, Texas",10382.2879155,4670018.61903,10382.2872882,4670018.46696,10382.2879155,4670018.61903,42526,1862,503,359,4.28,167,62,130,144,1.17,88,56,106,128,46,0,60,22,0,60,106,253,375,1285,809,476,679,130,16.0692212608,981,527,Est_M_HS_GED,454,Est_F_HS_GED,Total_HS_GED,390,YES,709,44.15428,31.26816,75.42244,24.57756,553920.05859375,3571.9971124912136,72.27
86,86,48,479,001101,2,484790011012,Block Group 2,G5030,S,816358,0,+27.5263802,-099.4736135,LDO484790011012,1500000US484790011012,484790011012,"Block Group 2, Census Tract 11.01, Webb County, Texas",17963.460834,8786024.47838,17963.4611682,8786024.63801,17963.460834,8786024.47838,26648,1968,587,415,3.9,282,18,115,172,1.2,101,71,133,209,69,0,64,22,54,48,106,282,378,1268,746,522,673,73,9.7855227882,1023,499,Est_M_HS_GED,524,Est_F_HS_GED,Total_HS_GED,309,YES,609,43.23617,37.64832,80.88449,19.11551,1042087.01171875,6182.362958643861,59.53
87,87,48,479,001104,1,484790011041,Block Group 1,G5030,S,398597,0,+27.5202332,-099.4778702,LDO484790011041,1500000US484790011041,484790011041,"Block Group 1, Census Tract 11.04, Webb County, Texas",8747.67616337,4289924.64438,8747.67683293,4289924.5828,8747.67616337,4289924.64438,30150,1601,519,389,3.48,179,40,170,130,1.0,105,25,110,149,62,22,26,35,4,26,90,279,370,1136,585,551,541,44,7.52136752137,863,370,Est_M_HS_GED,493,Est_F_HS_GED,Total_HS_GED,252,YES,527,53.32988,34.5979,87.92778,12.07222,508761.296875,3014.393986410712,61.07
88,88,48,479,001201,1,484790012011,Block Group 1,G5030,S,311262,0,+27.5278074,-099.4952793,LDO484790012011,1500000US484790012011,484790012011,"Block Group 1, Census Tract 12.01, Webb County, Texas",7354.96488038,3349969.51526,7354.96555274,3349969.29631,7354.96488038,3349969.51526,19625,902,259,194,3.9,120,31,43,65,1.0,40,25,92,126,48,18,26,28,6,26,92,102,133,611,244,367,237,7,2.86885245902,415,176,Est_M_No_schooling_completed,239,Est_F_HS_GED,Total_HS_GED,112,YES,194,84.19416,37.55029,121.74445,-21.74445,397341.02734375,2533.6684763704634,46.75
89,89,48,479,001300,3,484790013003,Block Group 3,G5030,S,513376,0,+27.5271755,-099.5132875,LDO484790013003,1500000US484790013003,484790013003,"Block Group 3, Census Tract 13, Webb County, Texas",9566.51843212,5525186.67266,9566.51739782,5525186.50756,9566.51843212,5525186.67266,35186,1422,395,286,4.28,149,28,109,109,1.0,12,97,129,158,53,0,76,0,29,70,123,157,237,821,506,315,452,54,10.6719367589,683,301,Est_M_HS_GED,382,Est_F_HS_GED,Total_HS_GED,313,YES,430,67.54887,35.63724,103.18611,-3.18611,655336.9609375,3296.071275322456,62.96
90,90,48,479,001300,1,484790013001,Block Group 1,G5030,S,338371,0,+27.5287082,-099.5059390,LDO484790013001,1500000US484790013001,484790013001,"Block Group 1, Census Tract 13, Webb County, Texas",10229.2653484,3641692.40688,10229.2653826,3641692.39282,10229.2653484,3641692.40688,38023,853,257,191,3.48,104,14,73,66,1.44,43,23,30,71,30,0,0,18,23,0,24,161,186,712,507,205,507,0,0.0,479,245,Est_M_HS_GED,234,Est_F_College_1_or_more_No_Degree,Total_HS_GED,134,YES,262,44.65452,34.88034,79.53486,20.46514,431949.28125,3523.3900163585186,54.7
91,91,48,479,001300,2,484790013002,Block Group 2,G5030,S,268300,0,+27.5254241,-099.5067547,LDO484790013002,1500000US484790013002,484790013002,"Block Group 2, Census Tract 13, Webb County, Texas",6998.890363,2887567.81134,6998.89070971,2887567.91362,6998.890363,2887567.81134,25089,1091,343,283,3.31,131,17,135,60,1.0,0,60,113,166,16,0,97,0,53,74,90,170,177,743,365,378,327,38,10.4109589041,696,328,Est_M_College_1_or_more_No_Degree,368,Est_F_College_1_or_more_No_Degree,Total_Some_college_1_or_more_years_no_degree,194,YES,378,44.02591,37.13412,81.16003,18.83997,342480.984375,2408.846701080451,54.31
92,92,48,479,001402,1,484790014021,Block Group 1,G5030,S,620267,51832,+27.5367490,-099.5182886,LDO484790014021,1500000US484790014021,484790014021,"Block Group 1, Census Tract 14.02, Webb County, Texas",13674.5415452,7233514.31903,13465.9363709,6855670.02941,13674.5415452,7233514.31903,30369,2497,548,457,4.56,274,25,158,91,1.69,34,57,231,236,136,17,78,0,5,68,212,226,312,1665,803,862,770,33,4.1095890411,1303,558,Est_M_HS_GED,745,Est_F_HS_GED,Total_HS_GED,271,YES,642,50.46799,40.111,90.57899,9.42101,858109.03515625,4711.248484573604,49.27
93,93,48,479,001401,3,484790014013,Block Group 3,G5030,S,311926,0,+27.5328328,-099.5061503,LDO484790014013,1500000US484790014013,484790014013,"Block Group 3, Census Tract 14.01, Webb County, Texas",8213.18882737,3357110.82805,8213.18885204,3357110.63967,8213.18882737,3357110.82805,16395,1176,324,264,3.82,118,0,146,60,1.0,8,52,186,193,63,0,123,0,7,69,101,78,131,829,332,497,310,22,6.6265060241,704,370,Est_M_5th_and_6th,334,Est_F_HS_GED,Total_5th_and_6th,189,NO,242,49.82542,33.39675,83.22217,16.77783,398223.44921875,2827.362590840947,34.38
94,94,48,479,001004,2,484790010042,Block Group 2,G5030,S,432726,0,+27.5039393,-099.4659846,LDO484790010042,1500000US484790010042,484790010042,"Block Group 2, Census Tract 10.04, Webb County, Texas",10039.5971142,4657173.785,10039.5963833,4657173.98513,10039.5971142,4657173.785,24659,932,276,238,3.28,150,22,66,38,2.11,18,20,72,102,46,9,17,14,16,12,63,166,174,690,391,299,385,6,1.53452685422,523,220,Est_M_5th_and_6th,303,Est_F_HS_GED,Total_HS_GED,114,YES,292,45.2842,37.85842,83.14262,16.85738,552155.91015625,3457.1816878106297,55.83
95,95,48,479,001003,1,484790010031,Block Group 1,G5030,S,1001167,0,+27.5065988,-099.4600893,LDO484790010031,1500000US484790010031,484790010031,"Block Group 1, Census Tract 10.03, Webb County, Texas",20433.2418086,10774955.72,20433.2393393,10774955.4634,20433.2418086,10774955.72,31172,2801,841,666,3.64,444,40,182,175,1.1,49,126,194,252,73,35,86,20,38,81,182,472,589,1997,1258,739,1195,63,5.0079491256,1559,781,Est_M_HS_GED,778,Est_F_HS_GED,Total_HS_GED,364,YES,912,43.77958,39.37888,83.15846,16.84154,1277456.296875,7033.44294098246,58.5
96,96,48,479,001001,2,484790010012,Block Group 2,G5030,S,376742,0,+27.5107312,-099.4626917,LDO484790010012,1500000US484790010012,484790010012,"Block Group 2, Census Tract 10.01, Webb County, Texas",11025.3402416,4054687.61177,11025.3404093,4054688.05281,11025.3402416,4054687.61177,36625,1912,481,373,4.09,226,21,126,108,1.41,64,44,137,156,60,21,56,10,9,38,119,236,325,1240,677,563,645,32,4.72673559823,1111,579,Est_M_HS_GED,532,Est_F_HS_GED,Total_HS_GED,373,YES,608,40.68434,33.90384,74.58818,25.41182,480782.77734375,3794.365982316137,54.73
97,97,48,479,001814,1,484790018141,Block Group 1,G5030,S,5649123,0,+27.4997243,-099.4322340,LDO484790018141,1500000US484790018141,484790018141,"Block Group 1, Census Tract 18.14, Webb County, Texas",42963.5608253,60798246.9305,53172.1348915,38818069.3682,42963.5608253,60798246.9305,32309,5575,1345,1210,4.03,821,94,295,135,1.07,58,77,325,415,168,23,134,46,44,134,325,885,930,3570,2291,1279,2217,74,3.23003055434,2961,1412,Est_M_College_1_or_more_No_Degree,1549,Est_F_HS_GED,Total_Some_college_1_or_more_years_no_degree,515,YES,1668,45.70116,44.88608,90.58724,9.41276,7207719.44140625,14776.283496357873,56.33
98,98,48,479,000107,2,484790001072,Block Group 2,G5030,S,374283,0,+27.4776468,-099.4715760,LDO484790001072,1500000US484790001072,484790001072,"Block Group 2, Census Tract 1.07, Webb County, Texas",8303.87244812,4028183.5868,8303.87262787,4028183.85993,8303.87244812,4028183.5868,36792,909,215,190,4.09,100,27,63,25,1.0,5,20,52,57,10,3,39,0,5,33,41,138,158,588,309,279,280,29,9.38511326861,433,174,Est_M_HS_GED,259,Est_F_HS_GED,Total_HS_GED,122,YES,196,58.29993,42.47612,100.77605,-0.77605,477360.75,2858.1822863860148,45.27
99,99,48,479,000109,2,484790001092,Block Group 2,G5030,S,1431996,124417,+27.4712423,-099.4794086,LDO484790001092,1500000US484790001092,484790001092,"Block Group 2, Census Tract 1.09, Webb County, Texas",21242.6983309,16750630.656,20935.8487695,16020118.7652,21242.6983309,16750630.656,17841,1000,241,212,3.87,134,0,78,29,1.17,17,12,119,148,75,0,44,17,12,44,100,93,93,690,278,412,242,36,12.9496402878,590,258,Est_M_College_1_or_more_No_Degree,332,Est_F_HS_GED,Total_HS_GED,109,YES,277,39.63367,41.98061,81.61428,18.38572,1984814.73046875,7312.94232523432,46.95
100,100,48,479,001806,1,484790018061,Block Group 1,G5030,S,1700445,141201,+27.4568542,-099.4849292,LDO484790018061,1500000US484790018061,484790018061,"Block Group 1, Census Tract 18.06, Webb County, Texas",20284.9284413,19820299.0597,19656.6231693,18983810.3875,20284.9284413,19820299.0597,18087,1878,429,369,4.25,138,36,195,60,1.0,0,60,197,224,31,0,166,0,27,166,197,172,205,922,544,378,488,56,10.2941176471,616,248,Est_M_5th_and_6th,368,Est_F_HS_GED,Total_5th_and_6th,180,YES,304,41.87138,41.82397,83.69535,16.30465,2347944.0625,6982.387038885599,49.35
101,101,48,479,000105,2,484790001052,Block Group 2,G5030,S,1149416,58566,+27.4863763,-099.4752025,LDO484790001052,1500000US484790001052,484790001052,"Block Group 2, Census Tract 1.05, Webb County, Texas",16769.6415414,13000745.0636,16720.980297,12452038.7673,16769.6415414,13000745.0636,38000,1608,304,304,4.84,195,10,99,0,0.0,0,0,124,124,54,5,65,0,0,57,116,180,180,1091,588,503,544,44,7.48299319728,670,328,Est_M_HS_GED,342,Est_F_HS_GED,Total_HS_GED,262,YES,445,59.09023,45.37717,104.4674,-4.4674,1540903.76171875,5780.551692325319,66.42
102,102,48,479,001201,3,484790012013,Block Group 3,G5030,S,154649,0,+27.5236751,-099.4952772,LDO484790012013,1500000US484790012013,484790012013,"Block Group 3, Census Tract 12.01, Webb County, Texas",5293.30762682,1664402.39315,5293.30795575,1664402.35217,5293.30762682,1664402.39315,10592,593,302,115,3.3,66,38,11,187,1.02,58,129,85,239,51,34,0,53,101,0,50,30,63,501,154,347,135,19,12.3376623377,467,209,Est_M_HS_GED,258,Est_F_5th_and_6th,Total_HS_GED,130,YES,224,45.47037,30.67261,76.14298,23.85702,197400.921875,1821.704622131984,47.97
103,103,48,479,000903,1,484790009031,Block Group 1,G5030,S,267989,0,+27.5243662,-099.4899448,LDO484790009031,1500000US484790009031,484790009031,"Block Group 1, Census Tract 9.03, Webb County, Texas",7345.35429577,2884242.6305,7345.35398018,2884242.61916,7345.35429577,2884242.6305,12125,1461,309,249,4.67,106,12,131,60,1.0,18,42,132,192,72,12,48,18,42,43,117,117,117,792,305,487,260,45,14.7540983607,525,197,Est_M_HS_GED,328,Est_F_HS_GED,Total_HS_GED,133,YES,227,41.97172,31.44703,73.41875,26.58125,342080.1953125,2529.0507189171276,43.24
104,104,48,479,000106,1,484790001061,Block Group 1,G5030,S,351887,0,+27.4835921,-099.4696934,LDO484790001061,1500000US484790001061,484790001061,"Block Group 1, Census Tract 1.06, Webb County, Texas",8728.49747456,3787129.17965,8728.49882315,3787129.00915,8728.49747456,3787129.17965,20964,1781,456,375,4.03,264,28,83,81,1.21,28,53,209,216,133,0,76,0,7,76,182,166,240,1223,573,650,569,4,0.698080279232,849,369,Est_M_HS_GED,480,Est_F_HS_GED,Total_HS_GED,232,YES,456,58.63417,39.35397,97.98814,2.01186,448841.72265625,3005.2867784459413,53.71
105,105,48,479,000106,2,484790001062,Block Group 2,G5030,S,297887,0,+27.4883682,-099.4667373,LDO484790001062,1500000US484790001062,484790001062,"Block Group 2, Census Tract 1.06, Webb County, Texas",8250.13869004,3205960.16929,8250.13893769,3205960.14938,8250.13869004,3205960.16929,34821,714,151,123,4.89,95,8,20,28,1.0,0,28,19,47,13,0,6,0,28,6,19,104,104,546,205,341,205,0,0.0,460,230,Est_M_HS_GED,230,Est_F_5th_and_6th,Total_HS_GED,87,YES,159,39.83798,39.32241,79.16039,20.83961,379995.0078125,2837.1021306977627,34.57
106,106,48,479,001720,1,484790017201,Block Group 1,G5030,S,895786,0,+27.5753622,-099.4845697,LDO484790017201,1500000US484790017201,484790017201,"Block Group 1, Census Tract 17.20, Webb County, Texas",18455.3058842,9641082.15238,18455.3075796,9641082.13487,18455.3058842,9641082.15238,61534,2367,683,536,3.71,421,12,103,147,1.78,46,101,61,81,18,0,43,9,11,43,61,475,602,1701,1209,492,1141,68,5.62448304384,1254,575,Est_M_College_1_or_more_No_Degree,679,Est_F_HS_GED,Total_HS_GED,328,YES,1007,58.63748,44.70007,103.33755,-3.33755,1144494.328125,6357.9112165701,80.3
107,107,48,479,001720,2,484790017202,Block Group 2,G5030,S,1750320,0,+27.5738941,-099.4947717,LDO484790017202,1500000US484790017202,484790017202,"Block Group 2, Census Tract 17.20, Webb County, Texas",19586.3322744,18838106.1909,19586.3330902,18838106.0642,19586.3322744,18838106.1909,74330,3385,848,732,4.06,551,11,170,116,1.86,61,55,107,146,28,0,79,29,10,68,78,625,702,2381,1694,687,1600,94,5.54899645809,1577,718,Est_M_HS_GED,859,Est_F_Bachelors_degree,Total_HS_GED,395,YES,1231,70.25248,40.6669,110.91938,-10.91938,2236216.078125,6746.2832828215705,78.06
108,108,48,479,001717,2,484790017172,Block Group 2,G5030,S,5186637,108661,+27.5619457,-099.5075357,LDO484790017172,1500000US484790017172,484790017172,"Block Group 2, Census Tract 17.17, Webb County, Texas",47581.2041163,56991251.9071,47578.9614316,56183330.692,47581.2041163,56991251.9071,18372,1014,285,205,3.2,87,26,92,80,1.21,55,25,110,132,28,26,56,22,0,42,73,95,153,811,467,344,449,18,3.85438972163,605,378,Est_M_HS_GED,227,Est_F_HS_GED,Total_HS_GED,258,YES,521,44.73028,38.58013,83.31041,16.68959,6763646.28515625,16407.558216690883,86.12
109,109,48,479,001715,2,484790017152,Block Group 2,G5030,S,4851121,124786,+27.5981858,-099.5053871,LDO484790017152,1500000US484790017152,484790017152,"Block Group 2, Census Tract 17.15, Webb County, Texas",36536.2539081,53554559.466,36536.2536628,53554558.9824,36536.2539081,53554559.466,41250,1578,392,350,4.16,272,16,62,42,1.0,0,42,54,54,35,0,19,0,0,10,24,296,338,1032,692,340,662,30,4.33526011561,693,307,Est_M_College_1_or_more_No_Degree,386,Est_F_HS_GED,Total_HS_GED,170,YES,427,47.17653,46.16179,93.33832,6.66168,6359948.38671875,12589.935521829962,61.62
110,110,48,479,001721,2,484790017212,Block Group 2,G5030,S,439847,0,+27.5831589,-099.4776502,LDO484790017212,1500000US484790017212,484790017212,"Block Group 2, Census Tract 17.21, Webb County, Texas",10950.7433841,4733951.31869,10950.7435336,4733951.25539,10950.7433841,4733951.31869,110139,1338,395,342,3.41,284,21,37,53,1.17,26,27,4,4,0,0,4,0,0,0,0,338,391,1143,815,328,800,15,1.84049079755,992,527,Est_M_College_1_or_more_No_Degree,465,Est_F_Bachelors_degree,Total_Some_college_1_or_more_years_no_degree,327,YES,876,70.27224,45.05213,115.32437,-15.32437,562045.60546875,3774.2746309115823,88.31
111,111,48,479,001716,3,484790017163,Block Group 3,G5030,S,816263,65292,+27.5838928,-099.5265375,LDO484790017163,1500000US484790017163,484790017163,"Block Group 3, Census Tract 17.16, Webb County, Texas",12474.534731,9487914.10725,12054.6267876,8771982.95189,12474.534731,9487914.10725,49091,4108,954,857,4.19,640,70,147,97,1.0,0,97,94,173,77,0,17,0,79,17,66,763,781,3126,2134,992,2033,101,4.73289597001,1982,949,Est_M_College_1_or_more_No_Degree,1033,Est_F_HS_GED,Total_HS_GED,607,YES,1308,54.30635,43.57541,97.88176,2.11824,1126478.56640625,4296.7053356125825,65.99
112,112,48,479,001716,2,484790017162,Block Group 2,G5030,S,290152,0,+27.5858440,-099.5188677,LDO484790017162,1500000US484790017162,484790017162,"Block Group 2, Census Tract 17.16, Webb County, Texas",7394.15711176,3122812.11375,7394.15633232,3122811.98224,7394.15711176,3122812.11375,68309,1259,305,287,3.9,245,0,42,18,1.0,0,18,31,49,31,0,0,0,18,0,31,256,256,977,556,421,524,32,5.75539568345,720,315,Est_M_College_less_1_year,405,Est_F_Bachelors_degree,Total_Bachelors_degree,151,YES,485,51.72818,44.54427,96.27245,3.72755,370778.1875,2549.218000662229,67.36
113,113,48,479,001105,2,484790011052,Block Group 2,G5030,S,498183,0,+27.5173304,-099.4598381,LDO484790011052,1500000US484790011052,484790011052,"Block Group 2, Census Tract 11.05, Webb County, Texas",11889.930708,5361657.30809,11889.9313354,5361657.28024,11889.930708,5361657.30809,29074,1636,462,374,3.88,203,34,137,88,1.39,38,50,138,162,50,21,67,20,4,57,122,236,300,1055,645,410,575,70,10.8527131783,919,439,Est_M_HS_GED,480,Est_F_HS_GED,Total_HS_GED,301,YES,569,51.17857,38.49803,89.6766,10.3234,635830.11328125,4095.5458767619602,61.92
114,114,48,479,001105,1,484790011051,Block Group 1,G5030,S,586947,0,+27.5243800,-099.4596995,LDO484790011051,1500000US484790011051,484790011051,"Block Group 1, Census Tract 11.05, Webb County, Texas",14821.0985405,6317005.86354,14821.0995294,6317005.61061,14821.0985405,6317005.86354,52589,1317,286,239,4.54,169,15,55,47,1.6,27,20,80,99,59,0,21,19,0,21,80,159,187,871,518,353,486,32,6.17760617761,455,185,Est_M_HS_GED,270,Est_F_HS_GED,Total_HS_GED,178,YES,351,44.31002,42.14749,86.45751,13.54249,749216.80859375,5106.770077797664,77.14
115,115,48,479,001714,2,484790017142,Block Group 2,G5030,S,5085419,3567646,+27.5407632,-099.4391586,LDO484790017142,1500000US484790017142,484790017142,"Block Group 2, Census Tract 17.14, Webb County, Texas",63745.0744442,93129106.0267,45091.5230906,51916659.3266,63745.0744442,93129106.0267,50640,1331,360,296,3.4,212,8,76,64,1.0,29,35,60,88,60,0,0,22,6,0,45,236,272,1073,472,601,446,26,5.50847457627,1002,447,Est_M_HS_GED,555,Est_F_College_1_or_more_No_Degree,Total_Some_college_1_or_more_years_no_degree,249,YES,725,53.97304,42.07624,96.04928,3.95072,11048737.95703125,21941.865643932186,72.36
116,116,48,479,000101,4,484790001014,Block Group 4,G5030,S,721672,0,+27.4971475,-099.4690586,LDO484790001014,1500000US484790001014,484790001014,"Block Group 4, Census Tract 1.01, Webb County, Texas",18884.2668003,7766933.71109,18884.26695,7766933.36842,18884.2668003,7766933.71109,24000,739,194,133,4.67,119,0,14,61,1.0,15,46,62,102,62,0,0,0,40,0,43,71,92,519,216,303,208,8,3.7037037037,430,194,Est_M_Bachelors_degree,236,Est_F_HS_GED,Total_HS_GED,88,YES,221,41.76575,41.65978,83.42553,16.57447,920739.4921875,6501.764672552698,51.4
117,117,48,479,000105,1,484790001051,Block Group 1,G5030,S,1354310,0,+27.4944305,-099.4603978,LDO484790001051,1500000US484790001051,484790001051,"Block Group 1, Census Tract 1.05, Webb County, Texas",21043.4302449,14575630.1376,21043.4304662,14575630.1899,21043.4302449,14575630.1376,27306,1546,359,303,4.36,192,30,81,56,1.0,31,25,102,143,55,8,39,31,10,30,87,201,216,1035,590,445,560,30,5.08474576271,767,338,Est_M_HS_GED,429,Est_F_HS_GED,Total_HS_GED,163,YES,361,47.41289,40.96553,88.37842,11.62158,1727800.68359375,7235.850776831862,47.07
118,118,48,479,001810,1,484790018101,Block Group 1,G5030,S,34899290,131382,+27.4657581,-099.4019736,LDO484790018101,1500000US484790018101,484790018101,"Block Group 1, Census Tract 18.10, Webb County, Texas",98000.6159539,377011444.397,91283.0052004,93060535.3344,98000.6159539,377011444.397,47208,4038,934,826,4.27,570,37,219,108,1.0,74,34,173,181,93,0,80,0,8,80,164,653,753,2370,1493,877,1485,8,0.535833891494,1847,823,Est_M_College_1_or_more_No_Degree,1024,Est_F_HS_GED,Total_HS_GED,399,YES,1125,67.43247,51.10178,118.53425,-18.53425,44672578.376953125,33691.01274942932,60.91
119,119,48,479,001811,1,484790018111,Block Group 1,G5030,S,454647,0,+27.4915085,-099.4523167,LDO484790018111,1500000US484790018111,484790018111,"Block Group 1, Census Tract 18.11, Webb County, Texas",9489.60315149,4893076.83983,9489.60271582,4893076.78575,9489.60315149,4893076.83983,42880,812,197,166,4.37,101,23,42,31,1.0,31,0,43,43,30,0,13,0,0,13,43,123,154,531,326,205,298,28,8.58895705521,448,199,Est_M_College_1_or_more_No_Degree,249,Est_F_HS_GED,Total_HS_GED,209,YES,366,59.341,46.39516,105.73616,-5.73616,579997.2265625,3265.914153787126,81.7
120,120,48,479,001716,1,484790017161,Block Group 1,G5030,S,448297,0,+27.5878433,-099.5141227,LDO484790017161,1500000US484790017161,484790017161,"Block Group 1, Census Tract 17.16, Webb County, Texas",8828.04622336,4824889.39789,8828.0462117,4824889.12929,8828.04622336,4824889.39789,38796,1188,362,305,3.31,168,27,110,57,1.18,42,15,99,99,43,0,56,0,0,56,85,206,263,822,568,254,517,51,8.97887323944,688,276,Est_M_HS_GED,412,Est_F_Bachelors_degree,Total_HS_GED,163,YES,476,50.6361,38.31077,88.94687,11.05313,572889.75,3042.782162594384,69.19
121,121,48,479,000800,2,484790008002,Block Group 2,G5030,S,343651,0,+27.5105970,-099.4973950,LDO484790008002,1500000US484790008002,484790008002,"Block Group 2, Census Tract 8, Webb County, Texas",9148.58500179,3698490.5651,9148.58460967,3698490.8261,9148.58500179,3698490.5651,21597,1228,271,227,4.42,99,15,113,44,1.25,0,44,131,144,53,0,78,0,13,67,104,96,127,820,415,405,371,44,10.6024096386,596,195,Est_M_5th_and_6th,401,Est_F_HS_GED,Total_HS_GED,135,YES,222,41.60724,36.56094,78.16818,21.83182,438545.81640625,3147.155165785819,37.25
122,122,48,479,001808,2,484790018082,Block Group 2,G5030,S,557011,0,+27.4486999,-099.4721290,LDO484790018082,1500000US484790018082,484790018082,"Block Group 2, Census Tract 18.08, Webb County, Texas",11662.0397219,5994686.56051,11662.0393128,5994686.91307,11662.0397219,5994686.56051,16250,1376,500,347,3.15,213,16,118,153,1.0,109,44,105,232,28,16,61,109,18,61,97,242,268,1040,389,651,333,56,14.3958868895,1102,373,Est_M_11th,729,Est_F_College_1_or_more_No_Degree,Total_7th_and_8th,239,NO,417,49.18744,42.47084,91.65828,8.34172,710038.39453125,4010.4723351950283,37.84
123,123,48,479,001808,1,484790018081,Block Group 1,G5030,S,322742,0,+27.4494313,-099.4655165,LDO484790018081,1500000US484790018081,484790018081,"Block Group 1, Census Tract 18.08, Webb County, Texas",8289.82800979,3473457.34915,8289.82866444,3473457.27061,8289.82800979,3473457.34915,29390,1944,461,453,3.92,229,20,204,8,1.0,0,8,220,220,114,20,86,0,0,62,176,233,241,1400,636,764,604,32,5.03144654088,964,504,Est_M_HS_GED,460,Est_F_5th_and_6th,Total_5th_and_6th,251,NO,351,43.83343,42.01393,85.84736,14.15264,411417.6484375,2852.9410001968868,36.41
124,124,48,479,001806,2,484790018062,Block Group 2,G5030,S,5173077,0,+27.4595032,-099.4604860,LDO484790018062,1500000US484790018062,484790018062,"Block Group 2, Census Tract 18.06, Webb County, Texas",34777.9022834,55674123.8988,33244.2328829,47205622.7467,34777.9022834,55674123.8988,35603,3397,768,687,4.4,427,24,236,81,1.0,51,30,204,229,72,0,132,16,9,132,204,483,539,1798,1016,782,941,75,7.38188976378,1132,487,Est_M_HS_GED,645,Est_F_HS_GED,Total_HS_GED,279,YES,575,50.1809,50.60243,100.78333,-0.78333,6595557.56640625,11963.851169794849,50.8
125,125,48,479,001808,3,484790018083,Block Group 3,G5030,S,661388,0,+27.4480906,-099.4590274,LDO484790018083,1500000US484790018083,484790018083,"Block Group 3, Census Tract 18.08, Webb County, Texas",11960.3306784,7118034.76076,11960.3306745,7118034.65572,11960.3306784,7118034.76076,31944,3327,652,626,4.74,419,12,195,26,1.0,26,0,220,246,97,12,111,26,0,111,208,406,406,2152,1230,922,1183,47,3.82113821138,1271,633,Est_M_HS_GED,638,Est_F_HS_GED,Total_HS_GED,262,YES,573,43.39281,43.71513,87.10794,12.89206,843083.73828125,4113.911599018969,45.08
126,126,48,479,001812,1,484790018121,Block Group 1,G5030,S,2886191,0,+27.4766684,-099.4503153,LDO484790018121,1500000US484790018121,484790018121,"Block Group 1, Census Tract 18.12, Webb County, Texas",38804.5403974,31062198.6763,38801.9671737,30884067.2303,38804.5403974,31062198.6763,55383,6793,1496,1434,4.11,1012,46,376,62,1.56,16,46,245,245,98,0,147,0,0,141,239,1189,1251,4427,2782,1645,2633,149,5.35585909418,3642,1961,Est_M_HS_GED,1681,Est_F_HS_GED,Total_HS_GED,845,YES,2077,55.4293,46.50748,101.93678,-1.93678,3680971.19140625,13360.662005646762,57.03
127,127,48,479,000300,2,484790003002,Block Group 2,G5030,S,436597,0,+27.5061037,-099.4997983,LDO484790003002,1500000US484790003002,484790003002,"Block Group 2, Census Tract 3, Webb County, Texas",8838.19566456,4698866.34683,8838.19466688,4698866.23074,8838.19566456,4698866.34683,11786,2011,564,385,3.94,169,68,148,179,1.07,60,119,223,325,118,18,87,54,48,77,189,162,239,1375,439,936,388,51,11.6173120729,1242,595,Est_M_HS_GED,647,Est_F_HS_GED,Total_HS_GED,369,YES,547,40.93411,36.36483,77.29894,22.70106,557120.3203125,3044.100552137167,44.04
128,128,48,479,001900,3,484790019003,Block Group 3,G5030,S,829974,20695,+27.5046027,-099.5070332,LDO484790019003,1500000US484790019003,484790019003,"Block Group 3, Census Tract 19, Webb County, Texas",12332.4976893,9155266.20772,12233.0818778,8898094.13339,12332.4976893,9155266.20772,9971,488,301,78,3.04,59,0,19,223,1.0,89,134,24,187,5,0,19,29,134,19,24,54,114,442,101,341,91,10,9.90099009901,415,229,Est_M_HS_GED,186,Est_F_Nursery_to_4th,Total_Nursery_to_4th,128,NO,111,29.6705,27.28259,56.95309,43.04691,1085466.68359375,4248.636947541459,26.75
129,129,48,479,000602,1,484790006021,Block Group 1,G5030,S,915218,65349,+27.5241938,-099.5206825,LDO484790006021,1500000US484790006021,484790006021,"Block Group 1, Census Tract 6.02, Webb County, Texas",16554.9179182,10553367.8943,16360.1481386,9953451.107,16554.9179182,10553367.8943,31509,1503,279,248,4.89,151,0,97,31,1.45,31,0,85,97,41,0,44,12,0,37,61,163,182,1043,420,623,396,24,5.71428571429,975,429,Est_M_HS_GED,546,Est_F_HS_GED,Total_HS_GED,340,YES,492,66.54229,40.51123,107.05352,-7.05352,1251656.015625,5706.777568112707,50.46
130,130,48,479,000601,1,484790006011,Block Group 1,G5030,S,337030,0,+27.5213812,-099.5135451,LDO484790006011,1500000US484790006011,484790006011,"Block Group 1, Census Tract 6.01, Webb County, Texas",7697.11253182,3627279.08501,7697.11219286,3627279.17421,7697.11253182,3627279.08501,23500,715,266,133,3.77,60,12,61,133,1.0,63,70,71,124,33,0,38,25,28,38,66,62,142,521,207,314,207,0,0.0,505,201,Est_M_HS_GED,304,Est_F_9th,Total_12th_no_diploma,84,NO,205,43.01072,39.87681,82.88753,17.11247,430183.95703125,2649.726708330808,40.59
131,131,48,479,000904,1,484790009041,Block Group 1,G5030,S,186532,0,+27.5209109,-099.4896535,LDO484790009041,1500000US484790009041,484790009041,"Block Group 1, Census Tract 9.04, Webb County, Texas",6023.6239973,2007558.17118,6023.62399049,2007558.08268,6023.6239973,2007558.17118,27426,678,196,138,3.84,89,4,45,58,1.31,39,19,47,73,47,0,0,16,10,0,39,91,123,522,324,198,316,8,2.46913580247,426,242,Est_M_HS_GED,184,Est_F_HS_GED,Total_HS_GED,158,YES,285,45.03824,35.88616,80.9244,19.0756,238088.1484375,2072.566584301354,66.9
132,132,48,479,000904,3,484790009043,Block Group 3,G5030,S,260715,0,+27.5176315,-099.4896679,LDO484790009043,1500000US484790009043,484790009043,"Block Group 3, Census Tract 9.04, Webb County, Texas",6829.40223327,2805935.97842,6829.40323358,2805936.42641,6829.40223327,2805935.97842,20469,1343,364,304,3.77,206,11,87,60,1.0,5,55,130,160,67,5,58,0,30,46,118,174,204,990,454,536,448,6,1.32158590308,792,410,Est_M_HS_GED,382,Est_F_HS_GED,Total_HS_GED,299,YES,499,67.56585,35.22399,102.78984,-2.78984,332753.1640625,2350.6533544926433,63.01
133,133,48,479,001502,1,484790015021,Block Group 1,G5030,S,164437,0,+27.5323916,-099.4916716,LDO484790015021,1500000US484790015021,484790015021,"Block Group 1, Census Tract 15.02, Webb County, Texas",5321.01050369,1769757.74183,5321.01050123,1769757.89046,5321.01050369,1769757.74183,26875,730,191,177,3.63,86,27,64,14,1.0,7,7,77,84,25,21,31,0,7,31,77,100,107,495,200,295,176,24,12.0,471,222,Est_M_HS_GED,249,Est_F_5th_and_6th,Total_HS_GED,125,YES,195,45.73999,35.10012,80.84011,19.15989,209928.5703125,1832.6140829024382,41.4
134,134,48,479,001502,3,484790015023,Block Group 3,G5030,S,301900,0,+27.5364578,-099.4907294,LDO484790015023,1500000US484790015023,484790015023,"Block Group 3, Census Tract 15.02, Webb County, Texas",7259.58385121,3249225.60717,7259.58421015,3249225.72752,7259.58385121,3249225.60717,27279,1153,414,268,3.3,172,48,48,146,1.0,70,76,68,148,50,11,7,46,34,7,37,200,266,943,402,541,393,9,2.23880597015,752,351,Est_M_HS_GED,401,Est_F_Bachelors_degree,Total_HS_GED,164,YES,458,48.83127,34.63954,83.47081,16.52919,385450.14453125,2499.8494325740594,60.9
135,135,48,479,001103,1,484790011031,Block Group 1,G5030,S,192266,0,+27.5183700,-099.4655961,LDO484790011031,1500000US484790011031,484790011031,"Block Group 1, Census Tract 11.03, Webb County, Texas",6090.46132727,2069270.90516,6090.4619719,2069270.99398,6090.46132727,2069270.90516,22500,666,240,161,3.27,76,6,79,79,1.08,46,33,48,83,31,6,11,23,12,11,35,113,157,496,270,226,266,4,1.48148148148,458,200,Est_M_HS_GED,258,Est_F_Bachelors_degree,Total_HS_GED,101,YES,297,39.73794,34.81668,74.55462,25.44538,245395.99609375,2096.8431902359694,64.85
136,137,48,479,001815,1,484790018151,Block Group 1,G5030,S,826539046,1650379,+27.5911734,-098.9185435,LDO484790018151,1500000US484790018151,484790018151,"Block Group 1, Census Tract 18.15, Webb County, Texas",423654.465022,8913609535.06,0.0,0.0,423654.465022,8913609535.06,44028,625,219,165,3.08,90,16,59,54,1.0,19,35,55,86,9,6,40,0,31,19,25,110,133,511,221,290,212,9,4.07239819005,436,232,Est_M_HS_GED,204,Est_F_HS_GED,Total_HS_GED,153,YES,326,0.0,0.0,0.0,100.0,1058433762.421875,146070.10518885616,74.77
137,138,48,479,001815,2,484790018152,Block Group 2,G5030,S,497732065,4101522,+27.5619172,-099.1940672,LDO484790018152,1500000US484790018152,484790018152,"Block Group 2, Census Tract 18.15, Webb County, Texas",343056.566421,5400627876.53,0.0,0.0,343056.566421,5400627876.53,28021,858,207,192,3.94,134,12,46,15,1.0,0,15,73,88,23,12,38,0,15,38,73,119,119,505,319,186,291,28,8.77742946708,393,183,Est_M_College_1_or_more_No_Degree,210,Est_F_HS_GED,Total_HS_GED,103,YES,169,43.47207,49.90783,93.3799,6.6201,640902581.9433594,118136.19777247109,43.0
138,139,48,479,001817,1,484790018171,Block Group 1,G5030,S,1547281,21357,+27.3610015,-099.4912961,LDO484790018171,1500000US484790018171,484790018171,"Block Group 1, Census Tract 18.17, Webb County, Texas",24484.6117165,16881707.0144,0.0,0.0,24484.6117165,16881707.0144,26488,1468,345,327,3.99,217,0,110,18,1.67,12,6,113,125,62,0,51,6,6,44,99,214,220,957,526,431,438,88,16.7300380228,778,336,Est_M_HS_GED,442,Est_F_5th_and_6th,Total_HS_GED,225,YES,374,40.18006,51.78541,91.96547,8.03453,1996489.326171875,8409.576335105863,48.07
139,140,48,479,001817,3,484790018173,Block Group 3,G5030,S,596599,22016,+27.3646303,-099.4919100,LDO484790018173,1500000US484790018173,484790018173,"Block Group 3, Census Tract 18.17, Webb County, Texas",20293.2372866,6657519.76717,0.0,0.0,20293.2372866,6657519.76717,29310,2492,552,452,4.5,351,0,101,100,1.56,46,54,191,256,135,0,56,14,51,56,163,261,296,1609,750,859,687,63,8.4,1175,605,Est_M_9th,570,Est_F_5th_and_6th,Total_9th,218,NO,430,41.02983,51.95253,92.98236,7.01764,787356.623046875,6964.8544539964105,36.6
140,141,48,479,001818,1,484790018181,Block Group 1,G5030,S,58184928,2081342,+27.2988412,-099.4752678,LDO484790018181,1500000US484790018181,484790018181,"Block Group 1, Census Tract 18.18, Webb County, Texas",119333.912723,648580096.776,0.0,0.0,119333.912723,648580096.776,21307,3282,702,600,4.56,282,40,278,102,1.15,45,57,318,376,115,18,185,20,38,158,260,282,326,2029,1024,1005,916,108,10.546875,1473,666,Est_M_HS_GED,807,Est_F_HS_GED,Total_HS_GED,281,YES,549,37.81791,54.38957,92.20748,7.79252,76628100.8515625,41013.619560610045,37.27
